title,score,id,url,created,body,comments,upvote_ratio,length_title,length_body,is_stickied,is_original_content,total_awards_received
Los Angeles Dodgers remove gay 'nun' group from Pride Night,170,13lud3m,https://apnews.com/article/los-angeles-dodgers-pride-night-lgbt-sisters-of-perpetual-indulgence-381751c232d44ff58d8f66e5d4f9213a,2023-05-16 11:58:02,,93,0.88,59,0,False,False,0
Michigan boy who used slingshot to save sister says he 'was just lucky',109,13lvp6j,https://www.detroitnews.com/story/news/local/michigan/2023/05/19/michigan-boy-alpena-slingshot-attacker-sister/70234930007/,2023-05-16 00:00:33,,15,0.94,71,0,False,False,0
IT worker sues her boss believing 'xx' in email were kisses,1994,13l9un5,https://www.bbc.com/news/uk-england-london-65632912,2023-05-16 10:22:27,,219,0.96,59,0,False,False,0
Bouncy castle king jailed for burning down rivals,356,13llpc6,https://www.canberratimes.com.au/story/8200477/bouncy-castle-king-jailed-for-burning-down-rivals/,2023-05-15 17:02:03,,24,0.97,49,0,False,False,0
Queen Elizabeth II's funeral cost UK government $200 million,862,13la96v,https://apnews.com/article/queen-elizabeth-ii-funeral-cost-uk-7fd5b8e61f25ae1bfbd9d185754b89d0,2023-05-15 18:09:48,,167,0.85,60,0,False,False,0
Parent aggression may be a cause of umpire shortage in youth baseball,859,13l7h4s,https://www.wsaz.com/video/2023/05/18/parent-aggression-may-be-cause-umpire-shortage-youth-baseball/,2023-05-15 15:19:22,,114,0.97,69,0,False,False,0
German surgeon fired after getting hospital cleaner to assist amputation,18,13ly7na,https://abcnews.go.com/International/wireStory/german-surgeon-fired-after-hospital-cleaner-assist-amputation-99457879,2023-05-15 12:03:37,,2,1.0,72,0,False,False,0
'Just disgusting': Parents sickened after son was mocked by teacher online,41,13lrbub,https://9now.nine.com.au/a-current-affair/melbourne-parents-sickened-after-son-was-mocked-by-teacher-online/6efb8e3d-d2d1-4ba7-ad06-824cd11c9543,2023-05-16 13:40:25,,7,0.78,74,0,False,False,0
"Elderly woman, 95, Tasered after wielding knife in Snowy Mountains",3567,13kue88,https://www.9news.com.au/national/nsw-news-elderly-woman-tasered-by-police-in-cooma/8450dce1-5691-401c-8bd8-40a25ed217ca,2023-05-15 18:17:23,,367,0.97,66,0,False,False,0
IT worker claiming boss sent kisses in email loses sexual harassment claim,2396,13kvwyq,https://www.nzherald.co.nz/business/it-worker-claiming-boss-sent-kisses-in-email-loses-sexual-harassment-claim/WRWTZV6IWZF3LOJVTR2QFKBDH4/,2023-05-16 15:43:03,,249,0.95,74,0,False,False,0
"Black couple accused of smelling 'like weed' are kicked out of Memphis eatery, racial discrimination suit says",2998,13ku9vq,https://www.cnn59.com/2023/05/black-couple-accused-of-smelling-like.html,2023-05-16 13:00:48,,397,0.93,110,0,False,False,0
NASA tests robot snakes to send to other planets,13,13lx489,https://www.newsweek.com/nasa-robot-snakes-eels-saturn-moon-enceladus-1800856,2023-05-15 18:35:47,,5,0.93,48,0,False,False,0
Bud Light to launch camouflage bottle amid transgender controversy: report,5857,13kp3j6,https://www.foxnews.com/politics/bud-light-launch-camouflage-bottle-transgender-controversy-report,2023-05-16 12:00:17,,1274,0.89,74,0,False,False,0
Flying sofa seen over Turkish capital during storm,12,13lvnws,https://www.bbc.com/news/av/world-europe-65639694,2023-05-16 12:58:22,,0,0.83,50,0,False,False,0
Spain hopes domestic tasks app will ensure men pull their weight,6,13lzgac,https://www.theguardian.com/world/2023/may/19/spain-domestic-tasks-app-chores-family-members,2023-05-15 01:12:10,,0,1.0,64,0,False,False,0
Caitlyn Jenner Says Transgender Population Is Growing at 'Disturbing' Rate,5497,13kldsm,https://www.newsweek.com/caitlyn-jenner-says-transgender-population-growing-disturbing-rate-1800973,2023-05-16 15:33:24,,1025,0.9,74,0,False,False,1
Convicted felon says she wore police identification provided by Solaren security company,14,13lptp9,https://www.wsmv.com/2023/05/19/convicted-felon-i-was-given-police-identification-wear-by-security-company/,2023-05-16 02:02:21,,1,0.79,88,0,False,False,0
"Lauren Boebert Defends Husband, Says He Doesn't 'Drink Bud Light'",27580,13kdedj,https://www.newsweek.com/lauren-boebert-defends-husband-divorce-bud-light-1801005,2023-05-15 13:21:20,,1542,0.89,65,0,False,False,0
Cyclist hit during Houston Ghost Bike memorial ride for fallen cyclists,4,13lyp17,https://www.chron.com/news/houston-texas/article/houston-ghost-bike-memorial-ride-18106873.php,2023-05-16 16:09:29,,0,0.83,71,0,False,False,0
School in England has an 'EDL v immigrants' match. The EDL is a far right hate group in England,168,13l7mfm,https://www.watfordobserver.co.uk/news/23526828.queens-school-slammed-edl-vs-immigrants-match/,2023-05-16 13:00:30,,16,0.91,95,0,False,False,0
"Wife of radiologist who drove Tesla off Calif. cliff with family inside said he did it 'on purpose,' unsealed docs reveal",6,13lvq0a,https://www.nbcnews.com/news/us-news/wife-radiologist-drove-tesla-ca-cliff-family-said-purpose-unsealed-doc-rcna85033,2023-05-15 15:15:14,,2,0.71,121,0,False,False,0
Hallstatt: Town in Austria puts up fence to stop selfies,29,13lic4i,https://www.bbc.co.uk/newsround/65621495,2023-05-15 18:55:50,,6,0.88,56,0,False,False,0
Unseasonably cold May has Quebec winemakers fighting frost with fire,17,13lisrx,https://www.cbc.ca/news/canada/montreal/quebec-winemakers-frost-grapes-fires-1.6847695,2023-05-16 15:36:19,,2,0.75,68,0,False,False,0
"People too tired to lead healthier lifestyles, UK survey finds",8116,13k7crq,https://www.theguardian.com/society/2023/may/17/people-too-tired-to-lead-healthier-lifestyles-uk-survey-finds,2023-05-16 08:26:41,,454,0.98,62,0,False,False,0
Supreme Court rules against Andy Warhol in copyright dispute over Prince portrait,63,13l5lz0,https://www.cnn.com/2023/05/18/politics/supreme-court-prince-andy-warhol/index.html,2023-05-15 18:24:44,,15,0.84,81,0,False,False,0
Oscar Mayer renames iconic hot dog on wheels to 'Frankmobile',12995,13k3ihs,https://abcnews.go.com/GMA/Food/oscar-mayer-renames-iconic-hot-dog-wheels-frankmobile/story?id=99388901,2023-05-16 00:34:32,,1208,0.94,61,0,False,False,0
Water pollution: Tory MP says he swam in sewage as a child,41,13l8npz,https://www.bbc.com/news/uk-wales-65615711,2023-05-15 20:00:01,,14,0.83,58,0,False,False,0
"S’pore Interviewer Asks Jobseeker To Pay Her Back For Coffee After He Declines Offer, Manager Apologises",18,13leyup,https://mustsharenews.com/jobseeker-coffee-money/,2023-05-15 19:14:44,,4,0.75,104,0,False,False,0
Kraft Heinz Unveils Customizable Sauce Dispenser With More Than 200 Condiment Combos for Restaurants,77,13l03iv,https://www.nbcchicago.com/news/business/money-report/kraft-heinz-unveils-customizable-sauce-dispenser-with-more-than-200-condiment-combos-for-restaurants/3143402/?_osource=SocialFlowFB_CHBrand,2023-05-16 01:32:26,,38,0.81,100,0,False,False,0
"Professor Claims Entire Class Used AI to Cheat, Fails Every One of Them",2225,13kckxc,https://kpel965.com/texas-am-commerce-professor-fails-entire-class-chat-gpt-ai-cheat/,2023-05-16 16:02:53,,245,0.98,71,0,False,False,0
Soaring pasta prices caused a crisis in Italy. What can the U.S. learn from it?,0,13lvh4o,https://www.npr.org/2023/05/18/1176714159/italy-pasta-crisis-us-food-costs,2023-05-16 04:01:55,,2,0.5,79,0,False,False,0
China fines comedy troupe $2m for joke about the military,2875,13k7gow,https://www.bbc.com/news/world-asia-china-65618584,2023-05-16 15:52:11,,183,0.97,57,0,False,False,0
Conflict intensifies at the San Ysidro checkpoint following the blockade by red and black taxis,7,13lgl50,https://bajanews.mx/noticias/11117/PHOTO-VIDEO-Conflict-intensifies-at-the-San-Ysidro-checkpoint-following-the-blockade-by-red-and-black-taxis,2023-05-16 14:37:38,,10,0.62,95,0,False,False,0
"The U.S. ‘Fast-Tracked’ a Power Project. After 17 Years, It Just Got Approved.",31,13l43xk,https://www.wsj.com/articles/the-u-s-fast-tracked-a-power-project-after-17-years-its-nearing-approval-1a7edb86,2023-05-15 18:34:26,,5,0.89,78,0,False,False,0
“Jesus” image on tree draws faithful to Polish town,10,13lajuc,https://notesfrompoland.com/2023/05/18/jesus-image-on-tree-draws-faithful-to-polish-town/,2023-05-14 13:09:08,,6,0.75,51,0,False,False,0
"Woman with 7 DUI arrests wants to go to prison, says Las Vegas is not the place for her",326,13kk45v,https://www.8newsnow.com/investigators/woman-with-7-dui-arrests-wants-to-go-to-prison-says-las-vegas-is-not-the-place-for-her/,2023-05-15 19:13:55,,47,0.96,87,0,False,False,0
Utah's attorney general hunts the paranormal on 'Secret of Skinwalker Ranch',24,13l2g7f,https://www.ksl.com/article/50645292/utahs-attorney-general-hunts-the-paranormal-on-secret-of-skinwalker-ranch,2023-05-16 07:23:06,,3,0.87,76,0,False,False,0
Stolen car found on top of metal drum at roundabout in Annan,48,13kvflz,https://www.bbc.co.uk/news/uk-scotland-south-scotland-65625831,2023-05-15 12:10:52,,7,0.91,60,0,False,False,0
Perdue made its own beer for 'beer can chicken',18,13l0ej2,https://www.cnn.com/2023/05/17/business/perdue-beer-can-chicken-beer/index.html,2023-05-16 00:27:44,,12,0.75,47,0,False,False,0
FBI charges man with stealing Dorothy's The Wizard of Oz slippers,69,13kr2m8,https://www.bbc.co.uk/news/world-us-canada-65629161,2023-05-15 12:44:37,,10,0.85,65,0,False,False,0
Alberta UCP candidate says sorry for comparing transgender students to feces in food,233,13kfxw8,https://www.iheartradio.ca/ctv-news-content/alberta-ucp-candidate-says-sorry-for-comparing-transgender-students-to-feces-in-food-1.19678047,2023-05-16 02:13:09,,68,0.89,84,0,False,False,0
Dianne Feinstein Saying She Hasn't 'Been Gone' From Senate Raises Eyebrows,26416,13jm63x,https://www.newsweek.com/dianne-feinstein-saying-hasnt-been-gone-senate-raises-eyebrows-1800768,2023-05-15 02:36:02,,2719,0.95,74,0,False,False,0
DeSantis appointee to new Disney oversight board suggested tap water could turn people gay,7102,13jq51y,https://www.cnn.com/2023/03/03/politics/kfile-ron-desantis-disney-ron-peri-anti-lgbtq/index.html.com,2023-05-15 18:37:21,,554,0.96,90,0,False,False,0
Man City lodge challenge against 115 financial rule breaches as barrister in charge is an Arsenal fan,6,13l4p58,https://www.joe.co.uk/news/man-city-lodge-challenge-against-115-financial-rule-breaches-as-barrister-in-charge-is-an-arsenal-fan-395337,2023-05-16 04:21:26,,1,0.62,101,0,False,False,0
IT worker sues her boss believing 'xx' in email were kisses,6,13kywxv,https://www.bbc.com/news/uk-england-london-65632912,2023-05-14 12:36:00,,18,0.56,59,0,False,False,0
Police believe man found in pool of blood inside a car was murdered,717,13jydxt,https://www.thesundaily.my/local/police-believe-man-found-in-pool-of-blood-inside-a-car-was-murdered-NN10957846,2023-05-15 12:55:13,,52,0.96,67,0,False,False,0
"Waukesha School District Superintendent recommending teacher at center of ""Rainbowland"" controversy be fired",34,13kmxld,https://www.cbs58.com/news/exclusive-waukesha-school-district-superintendent-recommending-teacher-at-center-of-rainbowland-controversy-be-fired?fbclid=IwAR0YyyYsCwHQ-mkf7Cl9UNdOPzT_6Xx6USO19WCvGyDgKktNoLShr4UUg7k,2023-05-15 03:49:53,,12,0.85,108,0,False,False,0
London man banned from standing near any woman he doesn't know in public,9003,13jhcjg,https://www.joe.co.uk/news/london-man-banned-from-standing-near-any-woman-he-doesnt-know-in-public-395084,2023-05-15 19:08:43,,400,0.98,72,0,False,False,0
Jumping castle operator jailed over arson attacks on Melbourne rivals,11,13krjhx,https://www.theguardian.com/australia-news/2023/may/18/jumping-castle-business-owner-james-balcombe-jailed-arson-attacks-melbourne-rivals,2023-05-15 15:19:51,,2,0.7,69,0,False,False,0
"City of Pittsburgh forced to purchase used fire trucks, respond to fires in SUV",2,13l0kev,https://www.wpxi.com/news/local/city-pittsburgh-forced-purchase-used-fire-trucks-respond-fires-suv/S5745RWQM5HJDHIZM4WXJJKKRY/,2023-05-16 12:45:21,,3,0.57,79,0,False,False,0
Assam: India police force tells officers to lose weight or quit,48,13kahmo,https://www.bbc.com/news/world-asia-india-65618543,2023-05-15 16:39:13,,4,0.89,63,0,False,False,0
Adidas Faces Backlash For Using Biological Male Model In Women's Swimwear Pride Campaign,3,13l1gjs,https://tdpelmedia.com/adidas-faces-backlash-for-using-biological-male-model-in-womens-swimwear-pride-campaign/,2023-05-15 01:02:52,,46,0.51,88,0,False,False,0
Taco Bell files petition to cancel trademark for 'Taco Tuesday',78,13k46mc,https://www.fox5ny.com/news/taco-bell-files-petition-to-cancel-trademark-for-taco-tuesday,2023-05-14 20:23:26,,36,0.9,63,0,False,False,0
Missouri student suspended after reporting teacher used racial slur,15581,13j340o,https://www.kshb.com/news/local-news/missouri-student-suspended-after-reporting-teacher-used-racial-slur,2023-05-15 07:26:31,,835,0.95,67,0,False,False,0
Clues suggest children survived Colombian jungle plane crash as officials race to find them,0,13ldvbh,https://www.cnn.com/2023/05/18/americas/colombia-four-children-alive-plane-crash-intl-hnk/index.html,2023-05-14 18:04:41,,9,0.38,91,0,False,False,0
Tuberville on Durham report: ‘If people don’t go to jail ... let’s don’t have elections anymore’,585,13jo7ey,https://www.al.com/news/2023/05/tuberville-on-durham-report-if-people-dont-go-to-jail-lets-dont-have-elections-anymore.html,2023-05-15 21:20:18,,186,0.95,96,0,False,False,0
Electrically stimulating the clitoris could treat low libido in women,13,13kdihe,https://www.scihb.com/2023/05/electrically-stimulating-clitoris-could.html,2023-05-15 09:26:27,,26,0.63,69,0,False,False,0
Chocolate milk may soon be banned in school cafeterias,31,13k7bb3,https://www.al.com/news/2023/05/chocolate-milk-may-soon-be-banned-in-school-cafeterias.html,2023-05-14 20:27:23,,41,0.71,54,0,False,False,0
Gainesville man charged with attempted murder after shooting someone in the neck over a game of checkers,30,13k59dt,https://www.wcjb.com/2023/05/14/attempted-murder-over-game-checkers-gainesville/,2023-05-16 01:44:56,,7,0.8,104,0,False,False,0
Malawi’s Rastafarian children return to school after ban on dreadlocks is lifted,90,13jw818,https://www.theguardian.com/global-development/2023/may/17/malawis-rastafarian-children-return-to-school-after-ban-on-dreadlocks-is-lifted,2023-05-13 15:53:54,,7,0.93,80,0,False,False,0
"Pope takes cellphone call during general audience, meets with clergy abuse survivors",11,13kdjxx,https://apnews.com/article/vatican-pope-lgbtq-abuse-ukraine-7fc774f47ae18c9f3f167c96db35dc23,2023-05-16 05:18:03,,5,0.69,84,0,False,False,0
Track star barred from district competition after bringing pet goat to school,35,13k06sa,https://fox2now.com/news/missouri/track-star-barred-from-district-competition-after-bringing-pet-goat-to-school/,2023-05-15 22:13:28,,9,0.88,77,0,False,False,0
US Student suspended for filming teacher using racial slur,97,13ju3j5,https://www.bbc.co.uk/news/world-us-canada-65612271,2023-05-15 03:40:39,,18,0.86,58,0,False,False,0
Meghan Markle and Prince Harry involved in paparazzi car chase in NYC,0,13ldmy4,https://california18.com/meghan-markle-and-prince-harry-involved-in-paparazzi-car-chase-in-nyc/11136542023/,2023-05-16 03:50:22,,10,0.28,69,0,False,False,0
Bald eagle breaks through window at a home on American Lake,8,13kc1u6,https://www.king5.com/article/news/local/bald-eagle-breaks-window-american-lake-home/281-f03b159d-28fb-44aa-bac4-78d33937bfd1,2023-05-15 18:48:35,,5,0.7,59,0,False,False,0
Learn Japanese through anime. Duolingo and Crunchyroll partner for immersive lessons.,0,13kxzoi,https://www.usatoday.com/story/tech/columnist/2023/05/16/duolingo-crunchyroll-use-anime-teach-japanese/70220823007/,2023-05-15 23:47:33,,7,0.48,85,0,False,False,0
"Deputy National Prosecutor is provided with security by the Bulgarian National Service for Protection, because he feels his life threatened by the National Chief Prosecutor.",29,13jxqqq,https://bnt.bg/news/justice-minister-provided-security-for-deputy-prosecutor-general-sarafov-318064news.html,2023-05-14 14:20:06,,5,0.91,173,0,False,False,0
Albanian prisoners paid by UK government to return home,20,13jye7w,https://www.bbc.co.uk/news/world-europe-65533198,2023-05-15 21:13:40,,0,0.95,55,0,False,False,0
‘Anarchist’ coffee shop that let customers pay what they wanted shuts down after a year,82,13jp3th,https://themessenger.com/news/toronto-pay-what-you-can-cafe-shuts-down-after-year,2023-05-14 12:22:47,,32,0.85,87,0,False,False,0
"After school shooting, Tennessee governor signs bill to shield gun firms further against lawsuits",41279,13ip0lr,https://abcnews.go.com/US/wireStory/after-school-shooting-tennessee-governor-signs-bill-shield-99334059,2023-05-13 19:49:06,,2523,0.87,97,0,False,False,1
Secret Service investigating how an intruder entered national security adviser Jake Sullivan’s home undetected,88,13jnk7i,https://www.cnn.com/2023/05/16/politics/jake-sullivan-home-intruder-secret-service-investigating/index.html,2023-05-13 19:55:45,,9,0.95,110,0,False,False,0
(French) Catholic priests to be made to wear QR codes so people can tell if they’re sex offenders or not,67,13jnxxk,https://www.unilad.com/news/france-catholic-priest-qr-code-traffic-light-system-624873-20230515/,2023-05-14 03:21:47,,10,0.84,104,0,False,False,0
The Weeknd: Pop star changes his name to Abel Tesfaye,0,13kwxg6,https://www.bbc.com/news/world-us-canada-65601638,2023-05-12 23:36:05,,7,0.24,53,0,False,False,0
People in Japan are taking lessons to relearn how to smile,19,13juy1a,https://news.sky.com/story/people-in-japan-are-taking-lessons-to-relearn-how-to-smile-12881956,2023-05-13 21:59:14,,4,0.72,58,0,False,False,0
Adam Pankratz: Former Vancouver mayor says elections racist after Asian challenger won,41,13jpqtj,https://vancouversun.com/opinion/adam-pankratz-former-vancouver-mayor-says-elections-racist-after-asian-challenger-won/wcm/7990f1e0-c075-440a-88ed-48ba6bce1111,2023-05-13 22:25:27,,13,0.88,86,0,False,False,0
"Huge swarm of bees strikes L.A. neighborhood, sending two to hospital",3,13k33rc,https://www.boston25news.com/news/trending/huge-swarm-bees-strikes-la-neighborhood-sending-two-hospital/KSN6MZLKLJEYRL4SOSTN3CPKOU/,2023-05-12 14:08:32,,6,0.56,69,0,False,False,0
Chester man given nationwide sexual comments ban,368,13j5jv7,https://www.bbc.com/news/uk-england-merseyside-65611112,2023-05-12 17:44:22,,63,0.97,48,0,False,False,0
Tillamook Fire Chief resigns while facing lawsuits from Mayor and others; Mayor seeks fire district board seat,21,13jpcvc,https://www.tillamookheadlightherald.com/news/tillamook-fire-chief-resigns-while-facing-lawsuits-from-mayor-and-others-mayor-seeks-fire-district/article_5eed9a0a-f0e3-11ed-92f2-c36a1288938a.html,2023-05-13 20:28:15,"I feel like this qualifies, as I read I keep going wth.",9,0.84,110,55,False,False,0
Will “Not Allow This Minority to Infiltrate Their Schools”: Florida Teacher Under Investigation for Showing a Disney Movie with Gay Character to 5th Grade Class.,7370,13iflb7,https://www.hypocritea.com/r-hypocrisy/will-not-allow-this-minority-to-infiltrate-their-schools-florida-teacher-under-investigation-for-showing-a-disney-movie-with-gay-character-to-5th-grade-class,2023-05-12 14:38:40,,644,0.95,161,0,False,False,0
"Student with special needs allegedly called 'bigot,' asked to explain sexual acts in Calif. school",0,13khs9e,https://kfoxtv.com/news/nation-world/student-with-special-needs-allegedly-called-bigot-asked-to-explain-sexual-acts-in-california-school-glendale-unified-district-city-council-lgbt,2023-05-13 18:27:42,,11,0.47,98,0,False,False,0
(French) Catholic priests to be made to wear QR codes so people can tell if they’re sex offenders or not,24,13jmmpc,https://www.unilad.com/news/france-catholic-priest-qr-code-traffic-light-system-624873-20230515/,2023-05-13 18:04:29,,6,0.73,104,0,False,False,0
"Mother, Son caught racing each other at 80 MPH on Mother's Day",110,13j8ktf,https://komonews.com/news/nation-world/mother-son-caught-racing-each-other-at-80-mph-on-mothers-day-fresno-california-police-department-street-racing-team,2023-05-13 19:33:34,,6,0.95,62,0,False,False,0
Taco Bell is fighting to cancel the 'Taco Tuesday' trademark,53,13jdwz8,https://www.cnn.com/2023/05/16/business/taco-tuesday-trademark-taco-bell/index.html,2023-05-13 15:56:19,,47,0.84,60,0,False,False,0
A Detroit cop faced firing for Greektown punch—until Eastpointe gave him a badge,34,13jhh1l,https://www.wxyz.com/news/conduct-unbecoming/a-detroit-cop-faced-firing-for-greektown-punch-until-eastpointe-gave-him-a-badge,2023-05-13 03:20:48,,2,0.96,80,0,False,False,0
'The Bachelor' senior citizen edition is coming,0,13kawu0,https://www.cnn.com/2023/05/17/entertainment/bachelor-senior-edition/index.html,2023-05-12 21:04:39,,8,0.46,47,0,False,False,0
(French) Catholic priests to be made to wear QR codes so people can tell if they’re sex offenders or not,11,13jn4po,https://www.unilad.com/news/france-catholic-priest-qr-code-traffic-light-system-624873-20230515/,2023-05-12 12:34:59,,6,0.62,104,0,False,False,0
"Passover was 3000 years ago, get over it already",56,13j8i6j,https://www.jta.org/2023/05/16/united-states/lawsuit-claims-rudy-giuliani-said-get-over-the-passover-it-was-like-3000-years-ago,2023-05-12 15:47:15,,35,0.78,48,0,False,False,0
"Woman, 24, in court for locking her parents out of their house overnight",25,13jfb66,https://nation.africa/kenya/counties/nairobi/woman-24-in-court-for-locking-her-parents-out-of-their-house-overnight-4236376,2023-05-13 01:28:19,,2,0.77,72,0,False,False,0
Quebec premier says raising politicians salaries by $30K requires 'courage',4484,13ib9k0,https://montreal.ctvnews.ca/quebec-premier-says-raising-politicians-salaries-by-30k-requires-courage-1.6397272?,2023-05-13 00:58:42,,227,0.96,75,0,False,False,0
Austrian train plays Hitler speech over loudspeaker,4671,13i69v3,https://www.bbc.co.uk/news/world-europe-65599302,2023-05-12 08:37:09,,250,0.97,51,0,False,False,0
Hospitals create police forces to stem growing violence against staff,1097,13ifslp,https://www.npr.org/sections/health-shots/2023/05/15/1175889585/hospitals-create-police-forces-to-stem-growing-violence-against-staff,2023-05-11 20:49:30,,160,0.97,69,0,False,False,0
"A bride ordered Chili's as catering for her wedding, which people thought was an ingenious hack to save money, until some wondered how her staff was compensated",0,13kcin5,https://www.insider.com/bride-wedding-served-chilis-food-no-delivery-fee-2023-5,2023-05-13 01:26:45,,21,0.42,160,0,False,False,0
"Assailant with sword severs hand of homeless man in downtown Riverside, police say",38,13j35we,https://abc7.com/hand-cut-off-sword-attack-riverside-homeless-man-loses/13252302/,2023-05-12 22:44:34,,4,0.75,82,0,False,False,0
Las Vegas judge sentences speeding woman on cocaine who killed drunk driver high on meth,772,13igajb,https://www.8newsnow.com/investigators/las-vegas-judge-sentences-speeding-woman-on-cocaine-who-killed-drunk-driver-high-on-meth/,2023-05-12 12:43:09,,105,0.98,88,0,False,False,0
Technology failure delays vote on upgrading city hall technology,24,13j4ig2,https://www.newarkpostonline.com/news/technology-failure-delays-vote-on-upgrading-city-hall-technology/article_8bc0fee0-3ace-50ff-ba97-8594f50740f5.html,2023-05-12 22:58:39,"Online broadcast of Newark, Delaware council meeting on the need to upgrade council’s technical failed, leading to a delayed vote to upgrade.",1,0.81,64,141,False,False,0
State Police Investigate Theft of Toilet Paper in Spartansburg,9,13jc3mt,https://www.erienewsnow.com/story/48910230/state-police-investigate-theft-of-toilet-paper-in-spartansburg,2023-05-12 14:20:50,,4,0.69,62,0,False,False,0
Striking nurse says she can earn similar and be less stressed by working at Aldi,21060,13ht77s,https://www.itv.com/news/granada/2023-04-30/striking-nurses-i-can-earn-similar-and-be-less-stressed-working-at-aldi,2023-05-13 01:03:34,,1014,0.96,80,0,False,False,0
Masturbation With 'Sex Toy' Kills Man; Gets Electrocuted With Pingpong Ball Up His Butt While Jerking Off in Czech Republic,117,13irt2j,https://www.latestly.com/social-viral/masturbation-with-sex-toy-kills-man-gets-electrocuted-with-pingpong-ball-up-his-butt-while-jerking-off-in-czech-republic-5127613.html,2023-05-12 22:27:07,,46,0.86,123,0,False,False,0
"Colorado driver tried to avoid DUI by switching seats with dog, police say",0,13k5w0f,https://www.bbc.com/news/world-us-canada-65608917,2023-05-12 22:43:46,,1,0.31,74,0,False,False,0
CFL introduces mandatory extra helmet protection for multiple positions. As well as other new health & safety measures.,0,13jxf8y,https://www.cfl.ca/2023/05/16/new-health-and-safety-measures-introduced-to-further-safeguard-players/?fbclid=IwAR3S0mxjxYjdlW4At4H8HXVP6Os_vraPHt0mFl_AkkONo5AUl79DNSHrqzc&mibextid=Zxz2cZ,2023-05-12 22:58:10,,6,0.42,119,0,False,False,0
"No, you can’t ride a lion on safari — why more companies are telling travelers ‘no’ these days",608,13i85oh,https://www.cnbc.com/2023/05/15/why-more-companies-are-telling-travelers-no-these-days-.html,2023-05-13 15:24:56,,121,0.97,94,0,False,False,0
Smash player’s mom slams “loser” pro for trash talking her son after defeating him,5,13j71ip,https://www.dexerto.com/smash/smash-players-mom-slams-loser-pro-for-trash-talking-her-son-after-defeating-him-2145510/,2023-05-13 00:24:33,,4,0.59,82,0,False,False,0
"Kansas Republican Party Debates Removing Minority, Youth, and Women's Organizations from Leadership Positions.",177,13iguni,https://www.hypocritea.com/r-hypocrisy/33wqbdce0pybhgj4a1645xtjta5aa9,2023-05-12 23:28:38,,31,0.89,110,0,False,False,0
2 people charged after Hitler speeches blared on train intercom in Austria,334,13ib5yk,https://www.cbsnews.com/news/hitler-speeches-played-train-intercom-austria-2-charged/,2023-05-13 15:34:08,,16,0.96,74,0,False,False,0
"Driver tried to switch places with his dog on DUI stop in Colorado town, police say",169,13ifzoc,https://www.9news.com/article/news/crime/springfield-dui-arrest-dog-drivers-seat/73-40dbb4b0-38af-4b1d-91e7-3b096d918c38,2023-05-11 17:21:34,,39,0.92,83,0,False,False,0
'Taco Tuesday' trademark tiff flares anew between fast food competitors,0,13jiu83,https://apnews.com/article/911e62f2dc664c2a428c6741a94955e5,2023-05-12 20:53:46,,3,0.48,71,0,False,False,0
Megan Fox says she’s never loved her body,0,13k51nw,https://www.cnn.com/2023/05/17/entertainment/megan-fox-body-wellness/index.html,2023-05-12 11:47:55,,13,0.2,41,0,False,False,0
Italian man fined nearly €900 for filling in pothole hits out at ‘injustice’,38,13ipu2i,https://www.theguardian.com/world/2023/may/15/italy-man-fined-for-filling-in-pothole,2023-05-12 15:20:42,,5,0.88,76,0,False,False,0
South Africa Beats Climate Goal as Blackouts Slash Emissions,75,13iinrr,https://financialpost.com/pmn/business-pmn/south-africa-beats-climate-goal-as-blackouts-slash-emissions,2023-05-12 02:08:56,,8,0.92,60,0,False,False,0
'Smile practice seminars' popular in Japan as country ditches masks,24,13ir4w6,https://mainichi.jp/english/articles/20230512/p2a/00m/0na/002000c,2023-05-13 22:20:21,,4,0.85,67,0,False,False,0
"Man pulled over for DUI blames dog for driving, police say",0,13k0af4,https://abcnews.go.com/US/wanted-man-swaps-seats-dog-dui-arrest-blames/story?id=99384760,2023-05-12 03:38:14,,1,0.17,58,0,False,False,0
"Don’t use sugar substitutes for weight loss, World Health Organization advises",11,13iuemv,https://www.cnn.com/2023/05/15/health/who-sweeteners-weigh-loss-guideline-wellness/index.html,2023-05-12 07:38:59,,18,0.62,78,0,False,False,0
Martha Stewart lands 'historic' Sports Illustrated Swimsuit cover,34,13ig95o,https://www.cnn.com/2023/05/15/entertainment/martha-stewart-sports-illustrated-swimsuit/index.html,2023-05-12 21:23:31,,29,0.68,65,0,False,False,0
IBM Employee On Sick Leave For 15 Years Sues Company For No Pay Rise,7108,13hbttm,https://www.ndtv.com/world-news/ibm-employee-on-sick-leave-for-15-years-sues-company-for-no-pay-rise-4033253,2023-05-13 04:47:58,,301,0.96,68,0,False,False,0
Cartier uses images of Amazon tribe devastated by illegal gold mining. Critics call that hypocrisy,22,13ihd22,https://apnews.com/article/brazil-amazon-gold-indigenous-yanomami-cartier-venezuela-6533687f2da0ea66a4bd72e8f211de69,2023-05-13 12:19:12,,0,0.85,98,0,False,False,0
"Boy, 11, struck by vehicle during sword fight",59,13i789e,https://fox5sandiego.com/traffic/boy-11-struck-by-vehicle-during-sword-fight/,2023-05-12 05:43:18,,13,0.87,45,0,False,False,0
"No picnics, no photos and no sitting close together at a park in India. Enforced by guards with megaphones",62,13i6fun,https://indianexpress.com/article/cities/bangalore/no-food-games-pda-bengaluru-cubbon-park-enforces-rules-visitors-complain-8556327/lite/,2023-05-12 02:19:57,,23,0.86,106,0,False,False,0
Man arrested after hamburger allegedly thrown into police car,317,13hv39z,https://www.canberratimes.com.au/story/8195766/man-arrested-after-hamburger-allegedly-thrown-into-moving-police-car/?cs=14329,2023-05-11 11:32:31,,70,0.94,61,0,False,False,0
Swarm of bees leads to closed streets in Encino; injuries reported,4,13ipo72,https://ktla.com/news/local-news/swarm-of-bees-closes-streets-in-encino-injuries-reported/,2023-05-11 00:38:46,,6,0.61,66,0,False,False,0
Toronto mayor’s race draws more than 100 candidates – including one dog,15,13igc4q,https://www.theguardian.com/world/2023/may/15/toronto-mayor-election-candidates-dog,2023-05-13 11:36:21,,3,0.77,71,0,False,False,0
"McCormick is offering free OLD BAY tattoos at the Baltimore Tattoo Museum on Tuesday, May 16th",3,13is1vb,https://www.mccormick.com/old-bay/preakness,2023-05-12 04:41:23,,2,0.57,94,0,False,False,0
Young Americans are Using Fake British Accents to Fight Anxiety,16,13ib9y4,https://themessenger.com/news/young-americans-fake-british-accents,2023-05-11 08:57:26,,32,0.62,63,0,False,False,0
Florida teacher says she is under investigation after showing 5th grade class Disney movie with gay character,8,13ih7xl,https://www.cnn.com/2023/05/15/us/florida-teacher-disney-movie-gay/index.html,2023-05-12 14:04:31,,10,0.64,109,0,False,False,0
"Colorado lawmakers have bills read as filibuster like Mississippi, but no demon chipmunks",19,13i7hrw,https://mississippitoday.org/2023/05/14/colorado-mississippi-demon-chipmunk/,2023-05-11 14:23:11,,4,0.8,89,0,False,False,0
Moscow ecclesiastical court defrocks priest who replaced ‘victory’ with ‘peace’ in prayer,1390,13hb3xp,https://novayagazeta.eu/articles/2023/05/14/moscow-ecclesiastical-court-defrocks-priest-who-replaced-victory-with-peace-in-prayer-en-news,2023-05-11 13:42:42,,65,0.97,89,0,False,False,0
Man arrested after allegedly assaulting police officer with hamburger,73,13hwpwa,https://www.news.com.au/national/nsw-act/man-arrested-after-allegedly-assaulting-police-officer-with-hamburger/news-story/2671caedb6687503d1d0320f684c3967,2023-05-11 16:59:54,,21,0.89,69,0,False,False,0
"Man’s hand is chopped off by someone wielding a sword, Riverside police say",7,13id44t,https://www.pressenterprise.com/2023/05/14/mans-hand-is-chopped-off-by-someone-wielding-a-sword-riverside-police-say/,2023-05-11 22:54:51,,3,0.64,75,0,False,False,0
"Uptown man bungled Subway restaurant robbery by asking for 'all the bread,' prosecutors say",94,13hszmu,https://cwbchicago.com/2023/05/chicago-uptown-robberies-subway-restaurants-abail-bekele.html,2023-05-11 17:48:06,,16,0.92,91,0,False,False,0
Industrial Emissions Face Mist,0,13iy1od,https://renews.biz/85660/vattenfall-launches-hydrogen-emissions-face-mist/,2023-05-10 16:39:46,,1,0.48,30,0,False,False,0
"Woman, 99, realises dream of facing circus knife thrower",207,13hmb27,https://www.bbc.com/news/uk-england-leicestershire-65583683,2023-05-11 20:46:08,,16,0.93,56,0,False,False,0
Florida lawmakers consider ‘classical and Christian’ exam alternative to SAT,18,13i35qr,https://www.tampabay.com/news/florida-politics/2023/04/25/sat-act-classic-learning-test-christian-alternative-desantis/,2023-05-12 00:24:12,,13,0.67,76,0,False,False,0
Duo arrested when drugs fall out of suspect’s fake pregnant belly,20,13i0zmk,https://www.petitools.com/latestnews/duo-arrested-when-drugs-fall-out-of-suspects-fake-pregnant-belly/,2023-05-10 12:53:18,,5,0.73,65,0,False,False,0
Queen Village pizzeria that adds cannabis to pies is shut down,190,13hiygr,https://www.inquirer.com/food/restaurants/stoned-pizzeria-cannabis-shut-down-philadelphia-20230512.html,2023-05-11 22:05:38,,27,0.9,62,0,False,False,0
WHO report calling children 'sexual' beings continues to fuel debate worldwide,2,13imczr,"https://fox17.com/news/nation-world/who-report-calling-children-sexual-beings-continues-to-fuel-debate-worldwide-world-health-organization-the-national-desk-laura-anne-jones#:~:text=WASHINGTON%20(TND)%20%E2%80%94%20A%20recently,over%20sexual%20education%20for%20children.",2023-05-10 22:10:30,,14,0.52,78,0,False,False,0
"At 81, Martha Stewart becomes oldest Sports Illustrated swimsuit cover model",0,13irev3,https://apnews.com/article/martha-stewart-sports-illustrated-swimsuit-issue-64e2bd56eb19bf38f87fe68228ef24ce,2023-05-11 21:02:42,,41,0.48,76,0,False,False,0
"McDonald's found liable after Florida girl ""disfigured"" by chicken nugget",0,13ikx7b,https://www.newsweek.com/mcdonalds-found-liable-after-florida-girl-disfigured-chicken-nugget-1800322,2023-05-12 03:29:40,,65,0.49,73,0,False,False,0
“Satan is Defeated” and “Jesus Christ Lives” Found Spray Painted in Vandalized South Dakota Sculpture Park,79,13hmely,https://www.keloland.com/keloland-com-original/porter-sculpture-park-vandalized-pieces-stolen/,2023-05-11 14:07:12,Guess they thought Jesus would forgive them if they spread the “good news”.,24,0.8,106,75,False,False,0
Locals force council to fill in potholes by drawing penises around them,25066,13gl3sk,https://www.walesonline.co.uk/news/uk-news/locals-force-council-fill-potholes-26901820,2023-05-11 14:37:38,,492,0.95,71,0,False,False,1
Man in Spiderman mask burglarizes Wolfchase mall business,10,13hwiz3,https://wreg.com/news/local/man-in-spiderman-mask-burglarizes-wolfchase-mall-business/,2023-05-10 17:45:56,,0,0.75,57,0,False,False,0
Virginia congressman says man with baseball bat attacked two staff members; suspect in custody,0,13ign96,https://abcnews.go.com/US/wireStory/virginia-congressman-man-baseball-bat-attacked-staff-members-99337002,2023-05-10 23:22:43,,2,0.4,94,0,False,False,0
"Couple fleeing car crash hide in restaurant, order tacos; man falls through ceiling into bathroom",33,13hdh1p,https://www.wsbradio.com/news/trending/couple-fleeing-car-crash-hide-restaurant-order-tacos-man-falls-through-ceiling-into-bathroom/VYQ57EDYDNBZ3BHJ2B5YCDIOJ4/?outputType=amp,2023-05-10 21:37:41,,3,0.82,97,0,False,False,0
The Kula Cloth is a game changer for peeing outside,0,13ikqny,https://www.cnn.com/cnn-underscored/reviews/kula-pee-cloth,2023-05-09 18:34:38,,4,0.35,51,0,False,False,0
Pickleball is replacing Bed Bath & Beyond and Old Navy at malls,26,13hau1s,https://www.wyff4.com/article/pickleball-replace-bed-bath-beyond-old-navy-malls/43882259?utm_campaign=snd-autopilot&fbclid=IwAR0FHMSjzqil4HPOXhryNvS_yLeJyE0p_0iHWalk0yGNyL9Qm1o0O_nAggE,2023-05-10 10:01:15,,17,0.69,63,0,False,False,0
Pickleball is replacing Bed Bath & Beyond and Old Navy at malls,265,13gqwou,https://www.cbsnews.com/miami/news/pickleball-is-replacing-bed-bath-beyond-and-old-navy-at-malls/,2023-05-12 07:00:56,,40,0.95,63,0,False,False,0
Montreal dog park bans barking,201,13gr2fw,https://montreal.ctvnews.ca/video?clipId=2686460,2023-05-11 00:24:55,,59,0.93,30,0,False,False,0
Meteorologists targeted in climate misinfo surge,43,13h15c6,https://www.france24.com/en/live-news/20230513-meteorologists-targeted-in-climate-misinfo-surge,2023-05-09 20:19:35,,8,0.79,48,0,False,False,0
South Carolina man sues police after being shot at 47 times during mental crisis,7968,13g0t3p,https://www.live5news.com/2023/05/10/south-carolina-man-sues-police-after-being-shot-47-times-during-mental-crisis/,2023-05-10 13:30:40,,562,0.97,80,0,False,False,1
French Catholic Church to provide clergy with scannable IDs to battle sexual abuse,104,13gu07v,https://www.france24.com/en/europe/20230513-french-catholic-church-to-provide-clergy-with-scannable-ids-in-bid-to-battle-sexual-abuse,2023-05-09 20:36:29,,18,0.91,82,0,False,False,0
Raccoon causes thousands of customers in New Hampshire town to lose power,32,13gunfw,https://www.wmur.com/article/raccoon-causes-customers-hampton-nh-lose-power/43882176,2023-05-10 18:35:53,,12,0.81,73,0,False,False,0
Loch Ness Monster hunter: I thought this job would be easier,17937,13fm9jv,https://www.bbc.com/news/uk-scotland-highlands-islands-65558327,2023-05-10 19:01:01,,636,0.96,60,0,False,False,1
Twitter users fear new CEO will end Musk’s commitment to free speech on platform,5021,13fry04,https://arstechnica.com/tech-policy/2023/05/twitter-users-fear-new-ceo-will-end-musks-commitment-to-free-speech-on-platform/,2023-05-12 01:40:12,,795,0.92,80,0,False,False,0
"Florida bill to protect moral, religious beliefs of doctors, payors signed into law",31,13gru6h,https://www.catholicnewsagency.com/news/254294/fl-bill-to-protect-moral-religious-beliefs-of-doctors-payors-signed-into-law,2023-05-10 20:21:45,,36,0.69,83,0,False,False,0
"Please Don’t Use Guns to Fish, Kansas Officials Warn",24,13goxwc,https://www.cnn.com/2023/05/13/us/guns-fishing-violation-kansas-trnd/index.html,2023-05-10 12:34:02,,5,0.7,52,0,False,False,0
"Rivers Cuomo agrees Weezer might have ""too much"" music",21,13godq0,https://consequence.net/2023/05/rivers-cuomo-agrees-weezer-might-have-too-much-music/,2023-05-10 13:22:11,,2,0.71,54,0,False,False,0
Toronto man arrested for assault with living python snake,12,13gqjn5,https://www.cp24.com/news/toronto-man-arrested-for-assault-with-living-python-snake-1.6397297,2023-05-10 12:17:01,Toronto man arrested for assault with living python snake,3,0.76,57,57,False,False,0
"Vermillion County man arrested, accused of ""pleasuring himself"" on his porch across the street from Handy Mart gas station",13,13gl5xg,https://www.wthitv.com/news/vermillion-county-man-arrested-accused-of-pleasuring-himself-on-his-porch-across-the-street-from/article_99770f02-f030-11ed-b758-4b8481fba328.html,2023-05-09 22:16:24,,8,0.66,122,0,False,False,0
"An Ohio man walks past homeowner, takes leaf blower; state Supreme Court says it’s not burglary",95,13g5rr2,https://www.cleveland.com/court-justice/2023/05/an-ohio-man-walks-past-homeowner-takes-leaf-blower-state-supreme-court-says-its-not-burglary.html,2023-05-10 11:10:15,,61,0.81,95,0,False,False,0
Police in Spain and France break up international eel smuggling gang,206,13fx2a5,https://www.theguardian.com/environment/2023/may/12/police-in-spain-and-france-break-up-international-eel-smuggling-gang,2023-05-10 10:28:24,,29,0.94,68,0,False,False,0
Fishermen sentenced to 10 days in jail after stuffing fish with weights at tournament,726,13fjwlo,https://www.cbsnews.com/news/jacob-runyan-chase-cominsky-jail-sentence-weights-in-fish-lake-erie-walleye-trail-tournament-ohio/,2023-05-10 14:29:06,,125,0.96,85,0,False,False,0
"Moose sneaks into Alaska movie theatre, starts snacking on popcorn",281,13forpz,https://www.ctvnews.ca/lifestyle/moose-sneaks-into-alaska-movie-theatre-starts-snacking-on-popcorn-1.6368382,2023-05-10 13:26:58,,42,0.95,66,0,False,False,0
Auburn great Bo Jackson to undergo procedure for chronic hiccups after suffering for nearly a year,38,13g3dfa,https://www.cbssports.com/college-football/news/auburn-great-bo-jackson-to-undergo-procedure-for-chronic-hiccups-after-suffering-for-nearly-a-year/,2023-05-09 20:01:46,,14,0.77,98,0,False,False,0
"Tradies happier, richer in their 20s than university grads",40,13g2pq9,https://www.abc.net.au/news/2023-04-26/tradies-happier-than-university-graduates/102266290,2023-05-10 10:16:04,,51,0.62,58,0,False,False,0
Thailand’s army chief pledges not to stage a coup as election looms,802,13ff3vr,https://www.firstpost.com/world/thailands-army-chief-pledges-not-to-stage-a-coup-as-election-looms-12584712.html,2023-05-11 13:54:39,,54,0.98,67,0,False,False,0
Republican front-runner for North Carolina governor attacked civil rights movement: 'So many freedoms were lost',7887,13ezjqt,https://www.cnn.com/2023/05/11/politics/kfile-mark-robinson-attacked-civil-rights-movement/index.html,2023-05-09 23:04:42,,507,0.96,112,0,False,False,0
"Atlantic City casino can't live without a beach, so it's rebuilding one",23,13g3c7x,https://apnews.com/article/casino-beach-replenishment-sand-ocean-atlantic-city-d9e6ee2baa6b3c9bff3a8e06ad12d662,2023-05-10 12:37:42,,6,0.76,71,0,False,False,0
Strangers pitch in to rescue wiener dog stuck in Billings Heights drain pipe,29,13fzjqq,https://billingsgazette.com/news/local/strangers-pitch-in-to-rescue-wiener-dog-stuck-in-billings-heights-drain-pipe/article_0e0c27b4-f025-11ed-b423-835931929bec.html?,2023-05-10 05:56:02,,1,0.79,76,0,False,False,0
"Uptown man bungled Subway restaurant robbery by asking for ‘all the bread,’ prosecutors say",173,13fk3fj,https://cwbchicago.com/2023/05/chicago-uptown-robberies-subway-restaurants-abail-bekele.html,2023-05-10 12:47:00,,51,0.95,91,0,False,False,0
Wanted Las Vegas woman comments on Facebook post about police searching for her,24,13fzvuh,https://www.8newsnow.com/investigators/wanted-woman-comments-on-facebook-post-about-las-vegas-polices-search-for-her/,2023-05-10 12:46:56,,2,0.77,79,0,False,False,0
"1 of 2 inmates who escaped from Philadelphia prison caught while dressed in ""full female Muslim garb"" with a head covering, authorities say",116,13fmkko,https://www.cbsnews.com/news/inmates-nasir-grant-caught-philadelphia-prison-ameen-hurst-loose/,2023-05-10 17:40:32,,12,0.89,139,0,False,False,0
Single screenwriters hope to 'Strike Up a Romance' on the picket lines,16,13g2tyb,https://www.npr.org/2023/05/11/1175571869/wga-writers-singles-picketing-event-strike-up-a-romance,2023-05-10 13:33:02,,2,0.73,70,0,False,False,0
Ansah 'recorded herself pouring boiling water on girl she suspected of sexing her boyfriend',21,13fz497,https://theeveningwiki.com/ansah-recorded-herself-pouring-boiling-water-on-girl-she-suspected-of-sexing-her-boyfriend/,2023-05-08 22:11:10,,6,0.69,92,0,False,False,0
Third round of NCAA Div. III women's golf championship canceled due to unplayable hole,16,13fzj2c,https://www.usatoday.com/story/sports/golf/2023/05/12/ncaa-cancels-round-division-3-womens-championship-unplayable-hole/51494871/,2023-05-09 20:57:01,,6,0.7,86,0,False,False,0
"CNY woman burns man by dumping stew on his head before beating him with bat, police say",14,13fzvgj,https://www.syracuse.com/crime/2023/05/woman-burns-man-by-dumping-stew-over-his-head-before-beating-him-with-bat-police-say.html,2023-05-10 12:50:27,That’s one way to end a fight.,4,0.7,87,30,False,False,0
"Herd of Cows aid North Carolina police pursuit, leading them 'directly' to suspect",0,13gkddg,https://www.foxnews.com/us/herd-cows-aid-north-carolina-police-pursuit-leading-them-directly-suspect,2023-05-09 22:03:06,,1,0.44,82,0,False,False,0
Employee found dead in freezer at Louisiana Arby's,7,13g1ydq,https://www.nbcnews.com/news/us-news/employee-found-dead-freezer-louisiana-arbys-rcna84263,2023-05-09 12:28:50,,6,0.55,50,0,False,False,0
Fishing cheats net prison sentence over scandal,5,13g0meq,https://www.bbc.com/news/world-us-canada-65567422,2023-05-09 18:43:52,,4,0.58,47,0,False,False,0
London flat ad asks for 'Christians and Catholics' as 'it's best when different religions don't live together',1247,13etp4k,https://www.mylondon.news/news/east-london-news/london-flat-ad-asks-christians-26894043,2023-05-08 22:09:47,,177,0.95,110,0,False,False,0
Loch Ness Monster hunter: I thought this job would be easier,0,13gklpy,https://www.bbc.com/news/uk-scotland-highlands-islands-65558327,2023-05-11 05:06:07,,4,0.46,60,0,False,False,0
"Baltimore sues Hyundai, Kia over rampant car thefts",6,13fwrya,https://www.cbsnews.com/baltimore/news/baltimore-sues-hyundai-kia-over-car-thefts-tiktok/,2023-05-09 18:23:18,,12,0.59,51,0,False,False,0
Italy holds summit as pasta price soars,17,13fo2rj,https://news.sky.com/story/italy-holds-summit-as-pasta-price-soars-12879115?dcmp=snt-sf-twitter,2023-05-09 20:27:24,,10,0.72,39,0,False,False,0
Police find 'very upset goat' while responding to 'person' crying for help,34,13fiuwl,https://abcnews.go.com/US/police-find-upset-goat-responding-person-crying/story?id=99247611,2023-05-09 20:58:07,,3,0.75,74,0,False,False,0
Las Vegas police ask for help finding woman with 7 DUIs who cut off GPS bracelet,153,13f7hvm,https://www.8newsnow.com/investigators/las-vegas-police-ask-for-help-finding-woman-with-7-duis-who-cut-off-gps-bracelet/,2023-05-10 17:13:11,,39,0.93,80,0,False,False,0
McDonald's found liable for hot Chicken McNugget that burned girl,0,13guiuq,https://www.9news.com.au/world/mcdonalds-found-liable-for-hot-chicken-mcnugget-that-burned-girl/2dadba03-2eee-4ca1-b583-68077d70acc1,2023-05-09 18:46:50,,32,0.28,65,0,False,False,0
Sats reading paper: Government defends 'challenging' tests,0,13g7j4n,https://www.bbc.co.uk/news/education-65570684,2023-05-09 19:00:18,,5,0.48,58,0,False,False,0
Michigan school district bans backpacks after confiscating 4th gun this year,87,13f9kxn,https://abcnews.go.com/US/michigan-school-district-bans-backpacks-after-confiscating-4th/story?id=99256526,2023-05-09 09:41:44,,44,0.87,76,0,False,False,0
Security Researcher Finds Coldplay Lyrics in Kingston SSD Firmware,39,13fe4q6,https://www.tomshardware.com/news/security-researcher-finds-coldplay-lyrics-in-kingston-ssd-firmware,2023-05-09 08:35:01,,6,0.91,66,0,False,False,0
BBC News: YouTuber Trevor Jacob admits to crashing plane for views,39,13fc4q7,https://www.bbc.co.uk/news/world-us-canada-65567519,2023-05-10 22:59:58,,4,0.9,66,0,False,False,0
"Year 6 tests meant to be hard, government says",1,13fxjs8,https://www.bbc.co.uk/news/education-65570684,2023-05-10 17:02:38,,0,0.53,46,0,False,False,0
McDonald's found liable for hot Chicken McNugget that fell from Happy Meal and burned girl,0,13gg2oc,https://www.ctvnews.ca/business/mcdonald-s-found-liable-for-hot-chicken-mcnugget-that-fell-from-happy-meal-and-burned-girl-1.6395983,2023-05-08 06:30:50,,58,0.41,90,0,False,False,0
"Mississauga rejects nearly 5k homes next to future transit line as they would ""cast shadows"" on surrounding neighbourhoods.",65,13f7ra7,https://www.insauga.com/massive-9-tower-development-that-would-bring-4690-units-to-mississauga-rejected/,2023-05-10 17:11:07,,11,0.88,123,0,False,False,0
"Police searching for someone yelling ""help"" find goat instead",963,13ekoby,https://www.wltx.com/article/news/national/oklahoma-police-searching-for-someone-yelling-help-find-goat/101-94cee86f-4b45-4bbf-ab9a-765657fbc344,2023-05-09 11:02:30,,48,0.97,61,0,False,False,0
2nd Michigan school district bans backpacks after loaded gun found,8318,13e8cfm,https://apnews.com/article/michigan-schools-backpacks-banned-guns-db265746286dd57f65b0e368dcb3463d,2023-05-09 14:03:18,,828,0.97,66,0,False,False,0
"Man says American Airlines lost prosthetic leg, won’t reimburse him",36,13fay5q,https://fox2now.com/news/contact-2/st-louis-man-says-american-airlines-lost-prosthetic-leg-wont-reimburse-him/,2023-05-09 12:11:22,,15,0.82,67,0,False,False,0
Hong Kong reopens in Tijuana,0,13gf6z3,https://bajanews.mx/noticias/10859/VIDEO-AND-GALLERY-Hong-Kong-reopens-in-Tijuana,2023-05-10 18:59:14,,0,0.35,28,0,False,False,0
Belgian ambulance deployed to ferry 391 kilo American to French hospital,1376,13ehll0,https://www.vrt.be/vrtnws/en/2023/05/11/belgian-ambulance-deployed-to-ferry-391-kilo-american-to-french/,2023-05-09 03:11:30,,266,0.94,72,0,False,False,0
Police mistake goat for man yelling 'help',6,13fm5vw,https://www.bbc.com/news/av/world-us-canada-65553748,2023-05-10 11:31:33,,5,0.59,42,0,False,False,0
Biden visit to ensure 'Brits didn't screw around',308,13eovdd,https://www.bbc.com/news/uk-northern-ireland-65557068?xtor=AL-72-%5Bpartner%5D-%5Bbbc.news.twitter%5D-%5Bheadline%5D-%5Bnews%5D-%5Bbizdev%5D-%5Bisapi%5D&at_campaign_type=owned&at_link_origin=BBCNews&at_campaign=Social_Flow&at_format=link&at_ptr_name=twitter&at_link_type=web_link&at_medium=social&at_bbc_team=editorial&at_link_id=ADBEAD62-EFEA-11ED-AC90-3590D772BE90,2023-05-09 11:54:54,,101,0.88,49,0,False,False,0
Sir Karl Jenkins denies he was Meghan Markle in disguise,244,13ensoi,https://www.londonworld.com/read-this/composer-sir-karl-jenkins-denies-he-was-meghan-markle-in-disguise-at-king-charles-iiis-coronation-4138604,2023-05-08 21:22:28,,25,0.91,56,0,False,False,0
"Boys, 6 and 3, crash parents’ car, while driving to buy a toy car",122,13et2mc,https://www.cnn.com/2023/05/10/asia/boy-car-crash-toy-car-malaysia-intl-hnk/index.html,2023-05-09 01:14:46,,14,0.94,65,0,False,False,0
Warning to New Forest visitors as 18 stallions described as 'horny teenagers' released,37,13f2y78,https://news.sky.com/story/warning-to-new-forest-visitors-as-18-stallions-described-as-horny-teenagers-released-12878336,2023-05-08 05:54:00,,3,0.87,86,0,False,False,0
‘Suspicious’ Chef Boyardee can on wheels leads Chicago cops to shut down street,73,13eugf8,https://www.wdrb.com/wdrb-in-the-morning/suspicious-chef-boyardee-can-on-wheels-leads-chicago-cops-to-shut-down-street/article_050c4332-6cd1-11e9-9ada-a39456c36c27.html,2023-05-09 15:25:44,,15,0.85,79,0,False,False,0
'I wasn't Meghan Markle in disguise at Coronation',6796,13dw45i,https://www.bbc.co.uk/news/articles/cljgg9801w5o,2023-05-08 02:53:47,,208,0.97,50,0,False,False,0
"Alleged thief falls through ceiling, lands in front of police",28,13ezgbo,https://www.richmond-news.com/local-news/suspect-falls-through-richmond-store-ceiling-6981983,2023-05-09 01:02:44,,2,0.8,61,0,False,False,0
Big Island tourists follow GPS right into water at Honokohau Harbor,13,13f54dx,https://www.kitv.com/news/big-island-tourists-follow-gps-right-into-water-at-honokohau-harbor/article_aee39914-e996-11ed-9196-7f4843ff3e64.html,2023-05-09 04:43:15,,7,0.74,67,0,False,False,0
"St. Louis man says American Airlines lost prosthetic leg, won’t reimburse him",14428,13dprzu,https://fox2now.com/news/contact-2/st-louis-man-says-american-airlines-lost-prosthetic-leg-wont-reimburse-him/,2023-05-09 02:04:40,,439,0.98,77,0,False,False,0
Patient M: The man who started seeing the world backwards after being shot in the head,24,13f1nr8,https://english.elpais.com/science-tech/2023-05-10/patient-m-the-man-who-started-seeing-the-world-backwards-after-being-shot-in-the-head.html,2023-05-09 22:34:08,,8,0.71,86,0,False,False,0
"Couple attacked outside liquor store over Bud Light, police in Canada say",900,13e4z6n,https://news3lv.com/news/nation-world/couple-attacked-outside-liquor-store-over-bud-light-police-in-canada-say-york-vaughan-ontario?fbclid=IwAR1ZSgT3xM8Wi6tWXpbOIXeXC5W8_-1DBUhHGR335a8MV3-HJgLYR623tc8&mibextid=Zxz2cZ#,2023-05-08 00:18:17,,162,0.96,73,0,False,False,0
"Suspect captured by cows behooved to help police in Boone, NC",12,13ezx5s,https://abc11.com/cows-capture-suspect-in-boone-police-western-nc-crime-watauga-county/13234037/,2023-05-08 10:56:18,"A suspect in Boone thought he had a good plan to get away from police, but a group of cows had a beef to pick with him over his hiding spot.",3,0.72,61,140,False,False,0
"Missing Australian woman survived on wine, candy for 5 days in bushland",1,13f9dw8,https://www.npr.org/2023/05/10/1175179638/australia-wine-missing-woman-mitta,2023-05-09 20:24:47,,8,0.51,71,0,False,False,0
Tiny Worms Got Stoned for the Benefit of Science,25,13eog42,https://www.discovermagazine.com/planet-earth/tiny-worms-got-stoned-for-the-benefit-of-science,2023-05-08 23:00:55,,0,0.84,48,0,False,False,0
Kansas storm rips meringue off coconut cream pie,16,13ep9d8,https://www.kake.com/story/48892143/kansas-storm-rips-meringue-off-coconut-cream-pie,2023-05-09 00:04:59,,9,0.7,48,0,False,False,0
Woman Celebrating Cinco De Mayo Drives Drunk Into Police Headquarters,84,13e6pvh,https://midhudsonnews.com/2023/05/07/cinco-de-drunko-in-police-parking-lot/,2023-05-09 14:53:16,,4,0.91,69,0,False,False,0
Boy aged eight survives two days in Michigan wilderness by eating snow,236,13dxxq5,https://www.bbc.com/news/world-us-canada-65541823,2023-05-08 10:52:56,,56,0.89,70,0,False,False,0
"SBF says “dishonesty and unfair dealing” aren’t fraud, seeks to dismiss charges",104,13e43up,https://arstechnica.com/tech-policy/2023/05/sbf-says-dishonesty-and-unfair-dealing-arent-fraud-seeks-to-dismiss-charges/,2023-05-08 17:54:46,,25,0.9,79,0,False,False,0
"A Missouri agency tried to classify a fetus as an employee, raising concerns about personhood laws",22310,13d1x6n,https://www.kcur.org/health/2023-05-09/a-missouri-agency-tried-to-classify-a-fetus-as-an-employee-raising-concerns-about-personhood-laws,2023-05-09 12:10:22,,669,0.96,98,0,False,False,0
"Pompeiians healthy before volcanic death, CT scans reveal",553,13dly58,https://www.cnet.com/culture/pompeiians-healthy-before-volcanic-death-ct-scans-reveal/,2023-05-08 17:44:40,,62,0.95,57,0,False,False,0
Australia: Woman survives on wine during five days stranded in Australian bush,0,13fdgzb,https://www.bbc.com/news/world-australia-65524218,2023-05-08 21:12:18,,7,0.33,78,0,False,False,0
Tornadic storm in Clay County rips top off coconut cream pie,33,13e8230,https://www.ksnt.com/news/local-news/tornadic-storm-in-clay-county-rips-top-off-coconut-cream-pie/,2023-05-08 10:17:28,,9,0.77,60,0,False,False,0
"Tuberville defends hold on defense nominations, says Pentagon wrong to screen out white nationalists",5702,13d4rvj,https://wbhm.org/2023/tuberville-defends-hold-on-defense-nominations-says-pentagon-wrong-to-screen-out-white-nationalists/,2023-05-08 18:33:51,,421,0.97,100,0,False,False,0
Autopsies on corpses linked to Kenya starvation cult reveal missing organs; 133 confirmed dead,185,13dqqjr,https://www.cbsnews.com/news/kenya-starvation-cult-deaths-autopsies-missing-organs-harvesting-investigation/,2023-05-08 12:56:26,,16,0.92,94,0,False,False,0
"Robert De Niro reveals he is a dad again, welcomes seventh child at 79",3822,13d57yy,https://abc7chicago.com/robert-de-niro-father-child-baby/13227371/,2023-05-08 08:29:04,,561,0.94,70,0,False,False,0
Man pulled down his pants and invited the gardaí to search his ass,49,13dz9nv,https://www.southernstar.ie/news/man-pulled-down-his-pants-and-invited-the-gardai-to-search-his-ass-4197112,2023-05-07 06:34:31,Gardaí = police in Ireland,6,0.83,66,26,False,False,0
"""Dangerous"" Rabbit terrorizes Perry, Iowa neighborhood.",39,13dzxtu,https://www.kcrg.com/2023/05/10/dangerous-rabbit-terrorizes-neighborhood/,2023-05-09 18:40:10,,21,0.85,55,0,False,False,0
Kansas man wearing beer costume arrested for alleged drunk driving,0,13f6ttg,https://www.theguardian.com/us-news/2023/may/11/kansas-man-beer-costume-alleged-drunk-driving,2023-05-08 16:29:08,,2,0.35,66,0,False,False,0
‘Glorifying violence’: Serbian protesters blame mass shootings on shock reality TV shows,19,13e21w0,https://www.france24.com/en/europe/20230510-glorifying-violence-serbian-protesters-blame-mass-shootings-on-shock-reality-tv-shows,2023-05-09 15:32:19,,2,0.75,88,0,False,False,0
Dangerous rabbit has bitten at least 2 Perry residents,73,13dpavb,https://www.kcci.com/article/iowa-perry-rabbit-has-bitten-at-least-2-people/43842316#,2023-05-06 22:12:06,,24,0.93,54,0,False,False,0
Family says a hot chicken nugget scalded girl’s leg. Now they are suing McDonald’s over Happy Meal,51,13dqije,https://www.sun-sentinel.com/2023/05/09/family-says-a-hot-chicken-nugget-scalded-girls-leg-now-they-are-suing-mcdonalds-over-happy-meal/,2023-05-08 23:59:55,,129,0.69,98,0,False,False,0
Police arrest man in gimp suit who jumped in front of motorist in Somerset,40,13dowkd,https://www.theguardian.com/uk-news/2023/may/10/police-arrest-man-gimp-suit-jumped-front-motorist-somerset,2023-05-09 05:35:23,,1,0.9,74,0,False,False,0
Tucker Carlson announces plans to relaunch his show on Twitter,506,13d7yex,https://www.cnn.com/2023/05/09/media/tucker-carlson-twitter/index.htmlTucker Carlson announces plans to relaunch his show on Twitter,2023-05-08 01:50:15,,235,0.84,62,0,False,False,0
Florida substitute teacher arrested for allegedly letting 7th grader use her vape,47,13dncif,https://wsvn.com/news/local/florida/florida-substitute-teacher-arrested-for-allegedly-letting-7th-grader-use-her-vape/,2023-05-06 20:32:21,,13,0.86,81,0,False,False,0
Researchers craft a fully edible battery,41,13dmhe4,https://arstechnica.com/science/2023/05/researchers-craft-a-fully-edible-battery/,2023-05-09 02:17:05,,13,0.89,40,0,False,False,0
Driver wearing beer can costume arrested for drunk driving,18,13dscrv,https://local12.com/news/offbeat/driver-wearing-beer-can-costume-arrested-for-drunk-driving-in-kansas-franklin-county-sheriffs-office-bud-light,2023-05-09 04:06:37,,6,0.71,58,0,False,False,0
Britain: 1st babies born in country using DNA from 3 people,15,13dqmzl,https://apnews.com/article/britain-genetic-babies-mitochondria-three-parent-6d826809d66a4474bc9dc455c475ad58,2023-05-09 00:21:36,,10,0.64,59,0,False,False,0
User accidentally sends $1.5 million in Bitcoin to “Jared from Subway”,387,13d4aq8,https://www.dexerto.com/tech/user-accidentally-sends-1-5-million-in-bitcoin-to-jared-from-subway-2137167/,2023-05-06 11:20:37,,37,0.94,70,0,False,False,0
"The police union appealed to citizens not to bring explosive devices in person, but to call 192 – Society",26,13dm8ky,https://serbia.postsen.com/news/153296/The-police-union-appealed-to-citizens-not-to-bring-explosive-devices-in-person-but-to-call-192-%E2%80%93-Society.html,2023-05-07 16:18:55,,3,0.85,105,0,False,False,0
"Grill mouthpiece found in SC correction officer's hair leads to her facing drug charge, warrant says",13,13dpe1e,https://www.wyff4.com/article/south-carolina-correction-officer-fentanyl-charge/43837466,2023-05-08 22:57:36,,9,0.81,100,0,False,False,0
Three raccoons take over the classrooms of a Texas high school,149,13d96jc,https://www.chron.com/life/wildlife/article/texas-high-school-raccoons-18088073.php,2023-05-06 05:34:12,,24,0.95,62,0,False,False,0
Waterloo Police respond to dead person found at cemetery.,40,13dhre7,https://www.kcrg.com/2023/05/09/waterloo-police-respond-dead-person-found-cemetary/,2023-05-07 20:57:22,,5,0.82,57,0,False,False,0
Man gives police a clog dance lesson during traffic stop after leaving Cotton Eyed Joe’s,13,13dpmcc,https://www.wtrf.com/news/watch-man-gives-police-a-clog-dance-lesson-during-traffic-stop-after-leaving-cotton-eyed-joes/,2023-05-06 00:44:49,,1,0.76,88,0,False,False,0
Kansas driver wearing beer can costume arrested on suspicion of DUI,10,13dpmaw,https://fox4kc.com/news/kansas-driver-wearing-beer-can-costume-arrested-on-suspicion-of-dui/,2023-05-06 18:37:48,,3,0.62,67,0,False,False,0
Abbotsford Police look to identify suspects who damaged a local property with axes and swords,4,13dxslp,https://vancouver.citynews.ca/video/2023/05/08/abbotsford-police-look-to-identify-suspects-who-damaged-a-local-property-with-axes-and-swords/,2023-05-06 16:23:30,,3,0.64,93,0,False,False,0
Chinese woman appeals in fight for right to freeze her eggs,9,13dqswi,https://abcnews.go.com/Health/wireStory/chinese-woman-appeals-fight-freeze-eggs-99190218,2023-05-07 02:54:33,,5,0.62,59,0,False,False,0
Oath Keepers leader wants time served credit for running group,15739,13c6m9r,https://www.newsweek.com/stewart-rhodes-wants-time-served-oath-keepers-january-6-1799011,2023-05-06 23:50:29,,637,0.94,62,0,False,False,0
"Polish mayor falls to death from hotel balcony in Sardinia, Italy",83,13d5rqf,https://www.cnn.com/2023/05/09/europe/poland-mayor-death-balcony-sardinia-intl/index.html,2023-05-05 14:55:31,,24,0.89,65,0,False,False,0
UK's first IVF baby born with DNA from three parents in major trial,4,13dppgo,https://www.euronews.com/next/2023/05/10/ivf-baby-born-in-the-uk-with-dna-from-three-parents-in-major-trial-to-avoid-defective-gene,2023-05-05 21:11:43,,1,0.6,67,0,False,False,0
Utah woman who wrote a book on dealing with grief charged with husband’s murder,47,13d7lb4,https://www.sltrib.com/news/2023/05/08/utah-woman-who-authored-book/,2023-05-06 15:37:04,A woman who wrote a book about helping children deal with the grief of losing a loved one was charged Monday in the death of her husband and father of her children.,7,0.75,79,164,False,False,0
"Bear held for killing jogger in Italy is innocent, say animal activists",230,13cob8y,https://www.theguardian.com/world/2023/may/09/bear-held-for-killing-jogger-in-italy-is-innocent-say-animal-activists,2023-05-05 22:56:07,,39,0.92,71,0,False,False,0
Sunak uses helicopter for trip that would have taken just over an hour by train,68,13d265s,https://www.theguardian.com/politics/2023/may/09/sunak-helicopter-train-southampton-prime-minister-rail,2023-05-05 18:50:04,,20,0.83,79,0,False,False,0
Nachos For $275 Were On Extravagantly Priced Menu At Formula 1 Miami GP,2542,13c6kva,https://www.motor1.com/news/666110/formula-one-miami-grand-prix-food-prices/,2023-05-05 17:38:08,,316,0.97,71,0,False,False,0
Walking a leashed dog linked to risk of traumatic brain injury,0,13edm20,https://news.sky.com/story/walking-a-leashed-dog-linked-to-risk-of-traumatic-brain-injury-12866630,2023-05-05 07:57:05,,6,0.39,62,0,False,False,0
Suspected Bud Light purchase likely led to altercation outside Ontario liquor store,51,13d1lwk,https://globalnews.ca/news/9684566/vaughan-ontario-liquor-store-assault-bud-light/,2023-05-05 06:45:05,,20,0.79,83,0,False,False,0
Las Vegas police: Repeat drunk driver offers $500 bribe after latest crash,29,13d4z8h,https://www.8newsnow.com/investigators/las-vegas-police-repeat-drunk-driver-offers-500-bribe-after-latest-crash/,2023-05-06 06:45:05,,5,0.86,74,0,False,False,0
Residents fighting to save Compton Community Garden after property listed for sale,22,13d5stq,https://www.cbsnews.com/losangeles/news/residents-fighting-to-save-compton-community-garden-after-property-listed-for-sale/,2023-05-05 21:55:56,,4,0.8,82,0,False,False,0
Man had cannabis sent to his home in board game box,0,13dx2dp,https://www.bbc.com/news/articles/cn4een8er8zo,2023-05-06 00:43:14,,13,0.46,51,0,False,False,0
A bus fell on hives of African bees and a swarm killed four passengers,35,13d293r,https://newsrnd.com/news/2023-05-09-a-bus-fell-on-hives-of-african-bees-and-a-swarm-killed-four-passengers.Hkvz26wNn.html,2023-05-06 07:28:19,,10,0.8,70,0,False,False,0
Suspected Bud Light purchase likely led to altercation outside Ontario liquor store: police,26,13d2m0d,https://globalnews.ca/news/9684566/vaughan-ontario-liquor-store-assault-bud-light/,2023-05-05 20:45:13,,24,0.7,91,0,False,False,0
Woman who wrote grief book for her kids after husband died is charged with his murder,99,13ckura,https://news.sky.com/story/woman-who-wrote-grief-book-for-her-kids-after-husband-died-is-charged-with-his-murder-12876784?dcmp=snt-sf-twitter,2023-05-06 01:58:25,,22,0.88,85,0,False,False,0
"In Australia, scientists begin vaccinating koalas against chlamydia",113,13cjqrm,https://www.npr.org/2023/05/09/1174940150/in-australia-scientists-begin-vaccinating-koalas-against-chlamydia,2023-05-06 07:58:26,,16,0.89,67,0,False,False,0
Influencer says she and her boyfriend cooked a part of her knee in pasta and ate it,0,13e677o,https://www.moneycontrol.com/news/trends/influencer-says-she-and-her-boyfriend-ate-part-of-her-knee-cooked-in-spaghetti-bolognese-10562021.html,2023-05-05 06:00:00,,12,0.36,83,0,False,False,0
South Pasadena first city in US to replace entire police fleet with Teslas,0,13dwrwc,https://abc7.com/south-pasadena-california-tesla-police-fleet-electric-vehicles/13228492/,2023-05-06 06:45:46,,6,0.39,74,0,False,False,0
Texas Bill Would Train Third Graders to Use 'Battlefield' Tourniquets,34960,13bg9wr,https://www.newsweek.com/texas-bill-would-train-third-graders-use-battlefield-tourniquets-1798139,2023-05-06 05:14:13,,2985,0.88,69,0,False,False,0
Scientists updated the human genome to make it more inclusive,0,13dx0fg,https://www.cnn.com/2023/05/10/health/human-pangenome-scn-wellness/index.html,2023-05-06 00:30:00,,2,0.42,61,0,False,False,0
Facebook has 3 billion users. Many of them are old.,45,13cmcw7,https://apnews.com/article/facebook-teenagers-tiktok-instagram-young-adults-fc9f6daa605e7c7f6fd5f4eaa90141fa,2023-05-06 02:34:02,,39,0.73,51,0,False,False,0
Florida lawmakers want to use radioactive material to pave roads,23,13cqwb6,https://www.npr.org/2023/05/09/1174789570/florida-roads-radioactive-paving-phosphogypsum,2023-05-04 17:33:31,,19,0.68,64,0,False,False,0
Woman who wrote children’s book about coping with grief is charged with murdering her husband,25,13cnw7b,https://news.sky.com/story/woman-who-wrote-grief-book-for-her-kids-after-husband-died-is-charged-with-his-murder-12876784,2023-05-05 19:34:26,,8,0.72,93,0,False,False,0
Mother murders; threw her children into the lake for her boyfriend.,0,13dzvzz,https://bajanews.mx/noticias/10741/GALLERY-Mother-murders-threw-her-children-into-the-lake-for-her-boyfriend,2023-05-05 22:54:26,,1,0.17,67,0,False,False,0
Proposed Texas Law Wants to Make School Children 'Battlefield' Ready,97,13cdpll,https://www.parents.com/training-school-children-in-trauma-wound-care-7495063,2023-05-05 14:07:26,Really wish this one was The Onion,51,0.84,68,34,False,False,0
"Man pulled over on jet ski in Daphne, police say it’s street legal",14,13cniim,https://www.wkrg.com/baldwin-county/man-pulled-over-on-jet-ski-in-daphne-police-say-its-street-legal/,2023-05-05 14:55:50,,7,0.8,66,0,False,False,0
Kadyrov spotted wearing Louis Vuitton ‘military shirt’ – photo,206,13c59xt,https://english.nv.ua/life/kadyrov-spotted-wearing-louis-vuitton-military-shirt-photo-50323039.html,2023-05-05 18:07:28,,17,0.92,62,0,False,False,0
Utah woman who wrote book about grief following husband’s death charged with murder,91,13caz3r,https://www.abc4.com/news/northern-utah/utah-woman-who-wrote-book-about-grief-following-husbands-death-charged-with-murder/,2023-05-04 15:15:12,,13,0.92,83,0,False,False,0
Ohio bill would allow pregnant people to sue over unintended pregnancies,2906,13bfk8v,https://binsider.bond/ohio-bill-would-allow-pregnant-people-to-sue-over-unintended-pregnancies/,2023-05-05 12:43:30,,321,0.95,72,0,False,False,0
Man in beer costume arrested for DUI,7,13cvjpn,https://www.kwch.com/2023/05/08/man-beer-costume-arrested-dui/,2023-05-06 15:14:01,,4,0.61,36,0,False,False,0
"Art in European Parliament shows Jesus with gay & sadomasochistic slaves, sparking outrage: Disgusting",3268,13bboxo,https://www.foxnews.com/world/art-european-parliament-shows-jesus-gay-sadomasochistic-slaves-sparking-outrage-disgusting,2023-05-05 21:28:26,,491,0.9,102,0,False,False,0
"Man wearing beer can costume arrested for driving under the influence in Franklin County, KS",50,13cappw,https://www.kake.com/story/48871992/man-wearing-beer-can-costume-arrested-for-driving-under-the-influence-in-kansas,2023-05-05 15:43:01,,6,0.92,92,0,False,False,0
Utah author of book on grieving death charged with murder,21,13cfnas,https://apnews.com/article/grief-childrens-book-wife-husband-murder-4caaa5f15cc065b9fcedc10b736fe0a5,2023-05-05 18:45:21,,3,0.71,57,0,False,False,0
"Madison police cite man who armed himself with sword, accidentally cut himself",20,13cc5b0,https://www.channel3000.com/news/madison-police-cite-man-who-armed-himself-with-sword-accidentally-cut-himself/article_335253ca-edd4-11ed-a72e-e3f20c6bf54b.html,2023-05-05 14:17:26,,5,0.82,78,0,False,False,0
Parks Canada to complete review of prescribed burn as Banff fire now under control,0,13d8fa7,https://www.cbc.ca/news/canada/calgary/parks-canada-banff-alberta-1.6835273,2023-05-04 20:43:29,,1,0.42,82,0,False,False,0
"Don’t fish with a gun in Kansas, game wardens say",2399,13b7wvm,https://www.ksn.com/news/state-regional/dont-fish-with-a-gun-in-kansas-game-wardens-say/,2023-05-05 05:07:48,,191,0.97,49,0,False,False,0
Woman who doesn’t drink survives on wine during five days stranded in Australian bush,302,13bliud,https://www.bbc.com/news/world-australia-65524218,2023-05-04 13:05:30,,34,0.94,85,0,False,False,0
Ludacris Cooks Up 'Sweet' Collab With Rice Krispies,0,13d4wp3,https://www.superthrowbackparty.net/2023/05/ludacris-cooks-up-sweet-collab-with.html,2023-05-04 23:58:44,,1,0.41,51,0,False,False,0
Dog poop being tossed over balconies at apartment complex in Largo,26,13c7wej,https://www.fox5dc.com/news/dog-poop-being-tossed-over-balconies-at-apartment-complex-in-largo,2023-05-05 12:16:43,,3,0.72,66,0,False,False,0
"New Orleans woman with walker tried to rob bank on North Broad Street, feds say",18,13c9fka,https://www.nola.com/news/crime_police/woman-with-walker-tried-to-rob-new-orleans-bank-feds-say/article_f635c93e-edc1-11ed-a207-5be618ae5702.html,2023-05-05 16:50:57,,1,0.78,79,0,False,False,0
Mark Zuckerberg wins gold and silver in his first Jiu-Jitsu tournament | CNN Business,0,13cth2j,https://www.cnn.com/2023/05/09/business/mark-zuckerberg-jiu-jitsu-winner/index.html?utm_term=link&utm_source=fbCNN&utm_content=2023-05-09T14%3A36%3A08&utm_medium=social,2023-05-05 05:40:16,,1,0.5,85,0,False,False,0
Pride event stopped in South Korea in favour of Christian concert,110,13blgcw,https://www.thepinknews.com/2023/05/07/south-korea-lgbtq-pride-seoul-christian-event/,2023-05-05 04:02:56,,27,0.78,65,0,False,False,0
Treasury Secretary Yellen calls CEOs and business leaders with warning on debt limit,1,13cnve4,https://www.cnn.com/2023/05/09/economy/yellen-debt-calls-ceos-hnk-intl/index.html,2023-05-05 04:38:41,,7,0.52,84,0,False,False,0
Tennessee hotel night manager charged after guest woke up to him sucking on his toes,15,13bz4nv,https://fox17.com/news/local/nashville-middle-tennessee-tn-hotel-guest-wakes-up-to-an-intruder-sucking-on-his-toes,2023-05-04 23:32:37,,12,0.62,84,0,False,False,0
"The City Council of Kyle, Texas Cosplayed Star Wars Characters For May The 4th",7,13c4zpi,https://www.piratesandprincesses.net/the-city-council-of-kyle-texas-cosplayed-star-wars-characters-for-may-the-4th/,2023-05-04 15:05:53,,9,0.57,78,0,False,False,0
Dead whale removed from Bridlington beach after becoming tourist attraction,11,13c0irs,https://www.theguardian.com/uk-news/2023/may/06/dead-whale-removed-from-bridlington-beach-after-becoming-tourist-attraction,2023-05-04 23:43:24,,2,0.71,75,0,False,False,0
Ice cream stand near Auschwitz concentration camp causes controversy,55,13bkpps,https://notesfrompoland.com/2023/05/07/ice-cream-stand-near-auschwitz-concentration-camp-causes-controversy/?fbclid=IwAR21iroOob6J3isNzORBFTfomnFWU4p09qQsXzKY1n8lkc_VGjqz9kLUx6s,2023-05-05 01:53:41,,41,0.88,68,0,False,False,0
BBC launches mobile broadcasting studio on a bicycle in Netherlands,26,13boapy,https://road.cc/content/news/bbc-launches-mobile-bicycle-studio-netherlands-301081,2023-05-05 04:20:35,,5,0.82,67,0,False,False,0
Thailand’s cannabis sellers say US growers are eating their lunch,42,13bikme,https://www.aljazeera.com/economy/2023/5/8/thailands-cannabis-industry-says-us-growers-are-eating-their-lunch,2023-05-03 14:57:06,,11,0.84,65,0,False,False,0
Italy calls crisis meeting over surging pasta prices,5335,13afak9,https://www.reuters.com/markets/europe/italys-government-calls-crisis-meeting-over-surging-pasta-prices-2023-05-04/?utm_source=reddit.com,2023-05-04 01:02:37,,203,0.98,52,0,False,False,0
Drug fail: The Liberal government's 'safer supply' is fuelling a new opioid crisis,0,13d22jw,https://winnipegsun.com/feature/how-the-liberal-governments-safer-supply-is-fuelling-a-new-opioid-crisis/,2023-05-04 09:14:09,,2,0.24,82,0,False,False,0
Australia: Woman survives on wine during five days stranded in Australian bush,6,13bx1yd,https://www.bbc.com/news/world-australia-65524218,2023-05-04 15:43:39,,7,0.58,78,0,False,False,0
Hilton Hotel manager arrested for waking up guest by sucking on his toes,0,13cvz2d,https://www.whio.com/news/local/hilton-hotel-manager-arrested-waking-up-guest-by-sucking-his-toes/YROHUUXFZRAHXNH4SG5PHJ2QWI/,2023-05-05 14:18:26,,3,0.23,72,0,False,False,0
Florida lawmakers pass bill allowing radioactive material to be built into Florida roads,42822,13a3v1t,https://www.wftv.com/news/local/florida-lawmakers-pass-bill-allowing-radioactive-material-be-built-into-florida-roads/GOCH74D4A5C2VAJDFKQQEPCVK4/,2023-05-04 02:25:46,,2918,0.9,88,0,False,False,1
"Suspect in Mickey Mouse necklace tries to rob bank, police say",0,13c9awm,https://sfstandard.com/criminal-justice/suspect-in-mickey-mouse-necklace-tries-to-rob-san-francisco-bank-police-say/,2023-05-04 23:39:09,,0,0.5,62,0,False,False,0
"Broomstick in the ""Canelo"" fight causes a scandal in socialmedia",0,13cgnz0,https://bajanews.mx/noticias/10662/Palo-de-escoba-en-la-pelea-del-Canelo-causa-revuelo-en-redes,2023-05-04 15:24:45,,1,0.31,64,0,False,False,0
FDA Clears Smart Toilet Seat for Heart Health Monitoring,23,13ba49a,https://www.empr.com/home/news/medical-technology/fda-clears-smart-toilet-seat-for-heart-health-monitoring/,2023-05-04 15:23:38,,22,0.75,56,0,False,False,0
"2 women charged in Roseville home invasion were Detroit police officers, prosecutors say",5700,13a18u8,https://www.cbsnews.com/detroit/news/2-women-charged-in-roseville-home-invasion-were-detroit-police-officers/,2023-05-04 18:12:15,,125,0.98,88,0,False,False,0
Family loses toy elephant carrying son's ashes on Disney trip,0,13ccg0h,https://www.cbsnews.com/news/family-loses-toy-elephant-with-sons-ashes-inside-during-trip-to-disney/,2023-05-04 10:32:38,,4,0.47,61,0,False,False,0
Citigroup sells Banamex for $7.1 billion,0,13cewi1,https://bajanews.mx/noticias/10531/Citigroup-sells-Banamex-for-7-1-billion,2023-05-04 19:37:58,,4,0.26,40,0,False,False,0
Hilton Hotel manager arrested for waking up guest by sucking on his toes,0,13c9swz,https://www.whio.com/news/local/hilton-hotel-manager-arrested-waking-up-guest-by-sucking-his-toes/YROHUUXFZRAHXNH4SG5PHJ2QWI/,2023-05-05 20:58:02,,17,0.42,72,0,False,False,0
Utah State Board of Education considers removing ‘climate change’ from curriculum,10226,139k46s,https://www.abc4.com/news/northern-utah/utah-state-board-of-education-considers-removing-climate-change-from-curriculum/,2023-05-05 13:54:15,,582,0.97,81,0,False,False,0
Dog sought in attacks on Portland runner and poodle has been impounded,29,13av2pg,https://www.oregonlive.com/crime/2023/05/dog-sought-in-attack-on-portland-runner-and-poodle-has-been-impounded.html,2023-05-04 01:49:20,,21,0.67,70,0,False,False,0
Hilton Hotel manager arrested for waking up guest by sucking on his toes,0,13c7tew,https://www.whio.com/news/local/hilton-hotel-manager-arrested-waking-up-guest-by-sucking-his-toes/YROHUUXFZRAHXNH4SG5PHJ2QWI/,2023-05-04 08:36:31,,2,0.24,72,0,False,False,0
Book Bans will be Banned in the Illinois,4405,139ddsh,https://101theeagle.com/ixp/462/p/book-bans-will-be-banned-in-the-illinois/,2023-05-04 01:16:16,,292,0.97,40,0,False,False,0
Winnie the Pooh and Piglet talk of King's love of red squirrels,2,13b2m8i,https://www.bbc.co.uk/news/live/uk-65474716,2023-05-04 15:17:29,"It's a live feed so you'll have to scroll, but the full text is:
""Just before Katy Perry went onstage, there was another heartening moment: A cartoon of Winnie the Pooh talking to Piglet about King Charles III's love for red squirrels and the names he gives them played.

Winnie the Pooh then opened a door holding a balloon which displays ""King Charles III Coronation"" on the front."" - BBC",0,0.53,63,390,False,False,0
Tennessee hotel night manager charged after guest woke up to him sucking on his toes,4538,1396yg8,https://fox17.com/news/local/nashville-middle-tennessee-tn-hotel-guest-wakes-up-to-an-intruder-sucking-on-his-toes?fbclid=IwAR28u9ikr6SEI9aGSJS_IXiiV_cfj97OYFZPae9gAKp8Weh3b0S2bauuOo4&mibextid=Zxz2cZ,2023-05-04 15:15:27,,279,0.98,84,0,False,False,0
"Missing woman found in High Country after surviving five days on lollies, wine",118,139y8zw,https://www.theage.com.au/national/victoria/missing-woman-found-in-high-country-after-surviving-five-days-on-lollies-wine-20230505-p5d67a.html,2023-05-03 21:54:34,,16,0.93,78,0,False,False,0
Germany: Man rescued from woods after sex game goes awry,109,139uk2u,https://apnews.com/article/germany-sex-bondage-tied-up-woods-67e336bfce654bdaee8f45ed7ac91a9a,2023-05-03 17:52:18,,14,0.9,56,0,False,False,0
Why here? 'Eiffel Tower' rises from southwest Japan countryside,14,13aamrp,https://mainichi.jp/english/articles/20230504/p2a/00m/0li/015000c,2023-05-02 20:53:51,,3,0.7,63,0,False,False,0
Pixies apologise for ‘Where Is My Mind?’ disabling alarms on Google phones,21,13a6d48,https://faroutmagazine.co.uk/pixies-disabling-alarms-google-phones/,2023-05-04 00:42:21,,4,0.66,74,0,False,False,0
44% of Americans can’t name a famous living Asian American,11496,138qzfa,https://www.nbcnews.com/news/asian-america/44-americans-cant-name-living-asian-american-rcna82714,2023-05-03 05:57:24,,2535,0.83,58,0,False,False,0
Rightwingers praise free speech at CPAC Hungary – then eject Guardian journalist,2119,1391jlo,https://www.theguardian.com/us-news/2023/may/05/cpac-hungary-kari-lake-rightwing-press-freedom,2023-05-05 07:25:48,,143,0.95,80,0,False,False,0
California town mourns beloved ‘Compassion Guy’ killed in stabbing,52,139t8ea,https://www.theguardian.com/us-news/2023/may/03/california-town-mourns-compassion-guy,2023-05-03 14:24:37,,2,0.8,66,0,False,False,0
Unionised US Apple Store proposes asking for tips,528,13949rd,https://www.bbc.com/news/65503170,2023-05-03 21:07:21,,272,0.86,49,0,False,False,0
"Woman charged with faking her own abduction to hide fact that she dropped out of college, state police say",1053,138xpxs,https://www.nbcnews.com/news/us-news/woman-charged-faking-abduction-hide-fact-dropped-college-state-police-rcna83039,2023-05-03 11:58:59,,110,0.98,106,0,False,False,0
Man arrested for opening hard drugs store in Canada,1183,138vro9,https://www.bbc.com/news/world-us-canada-65487199,2023-05-04 02:10:40,,211,0.96,51,0,False,False,0
Turkish opposition is gay – Erdogan,8403,138en3y,https://www.globalvillagespace.com/turkish-opposition-is-gay-erdogan/,2023-05-03 16:17:39,,360,0.98,35,0,False,False,0
Vandals mow giant penis into Royal Crescent ahead of Coronation,11513,138db2e,https://www.walesonline.co.uk/news/uk-news/vandals-mow-giant-penis-royal-26843122,2023-05-03 14:11:49,,343,0.96,63,0,False,False,0
‘Joaquin’s First School Shooting’: Parkland mom hopes new children’s book gets lawmakers’ attention,91,139eunn,https://www.local10.com/news/local/2023/05/05/joaquins-first-school-shooting-parkland-mom-hopes-new-childrens-book-gets-lawmakers-attention/,2023-05-03 15:36:42,,26,0.85,99,0,False,False,0
"Female biker group steps in to protect drag queen story time in Parkhill, Ont.",445,1392pvu,https://beta.ctvnews.ca/local/london/2023/4/29/1_6377062.html,2023-05-03 21:32:26,,137,0.89,78,0,False,False,0
3 California men arrested for illegal sale of avocados totaling more than $300K,260,1396x3z,https://6abc.com/avocado-theft-grand-mission-produce-thieves-ventura-county/2115438/,2023-05-03 17:33:32,,53,0.92,79,0,False,False,0
Saudi Arabia says it welcomes LGBTQ visitors,70,139frfm,https://edition.cnn.com/travel/article/saudi-arabia-lgbt-tourists/index.html,2023-05-05 03:19:21,,66,0.77,44,0,False,False,0
Billy Corgan paid off hacker to prevent leak of Smashing Pumpkins' new album,189,1390tcv,https://consequence.net/2023/05/billy-corgan-hacker-ransom/?fbclid=IwAR3tYPLltW5TKCGhQmBO1NfWAFWTjJ_Rg8pVwRI5CsFqb-7xkpy0qxrM0P0,2023-05-04 00:44:20,,70,0.92,76,0,False,False,0
Iowa couple charged with leaving child behind on a trip to Kansas City,64,1398m84,https://www.kctv5.com/2023/05/03/iowa-couple-charged-with-leaving-child-behind-trip-kansas-city/,2023-05-03 17:36:06,,15,0.88,70,0,False,False,0
What Quantum Mechanics Can Teach Us about Abortion,21,139gbge,https://www.scientificamerican.com/article/what-quantum-mechanics-can-teach-us-about-abortion/,2023-05-03 01:18:08,,13,0.77,50,0,False,False,0
IBM CEO says we ‘work better together’ while announcing plans to cut jobs that A.I. can do,2157,138cezk,https://fortune.com/2023/05/04/ibm-ceo-says-remote-workers-careers-suffer/,2023-05-03 01:38:07,,130,0.98,90,0,False,False,0
Super League game descends into chaos as raging bull chases players from field,19,139ev67,https://www.theguardian.com/sport/2023/may/06/super-league-game-descends-into-chaos-as-raging-bull-chases-players-from-field,2023-05-02 20:30:31,,4,0.78,78,0,False,False,0
"Las Vegas woman arrested for 7 DUIs is missing, GPS bracelet dead, court says",23,139cyod,https://www.8newsnow.com/investigators/las-vegas-woman-arrested-for-7-duis-is-missing-gps-bracelet-dead-court-says/,2023-05-03 02:52:00,,7,0.73,77,0,False,False,0
University of California Berkeley associate professor who falsely identified as Native American her 'whole life' issues apology,46,1396la6,https://www.cnn.com/2023/05/05/us/berkeley-professor-native-american-apology/index.html,2023-05-03 18:29:46,,11,0.78,127,0,False,False,0
Saudi Arabia says it welcomes LGBTQ visitors,25,1399fuq,https://edition.cnn.com/travel/article/saudi-arabia-lgbt-tourists/index.html?fbclid=PAAab8zbFFqYCO-TNWC95QWSRFKDKfInBR2ljhhtqCOGi1NLO3V9sUgoqOWfw,2023-05-02 21:13:19,,20,0.72,44,0,False,False,0
Educators ‘outraged’ after attorneys argue 1st-grade teacher shot in school is ‘workplace injury’,12229,137u58l,https://www.yahoo.com/news/educators-outraged-attorneys-argue-1st-174400860.html,2023-05-04 01:23:54,,479,0.98,97,0,False,False,0
"Suspect with own name tattooed on neck identified by police, arrested in Cambridge",63,138ywsq,https://whdh.com/news/suspect-with-own-name-tattooed-on-neck-identified-by-police-arrested-in-cambridge/,2023-05-03 04:17:47,,0,0.93,82,0,False,False,0
"Woman punched on train for 'fixing' hair near other passenger's lunch, police say",25,139483p,https://www.boston.com/news/local-news/2023/05/04/woman-punched-green-line-hair-lunch-mbta-police/,2023-05-03 03:02:47,,7,0.78,81,0,False,False,0
Dog owner regrets not getting pet insurance after her pet eats human poop laced with meth,96,138nqne,https://vancouver.citynews.ca/2023/05/04/vancouver-dog-insurance-meth/,2023-05-04 15:21:10,,22,0.9,89,0,False,False,0
State senator makes shirtless vote during Zoom meeting,71,138r059,https://apnews.com/article/senator-minnesota-shirtless-zoom-vote-97fdd77c54ff9f5dccbb5fcc51dd9df3,2023-05-02 16:01:38,,9,0.87,54,0,False,False,0
Fired Big Lots manager says she was just trying to get her store’s shopping cart back after shoplifter was finished using it,38,138wkq4,https://www.kget.com/news/local-news/fired-big-lots-manager-says-she-was-just-trying-to-get-her-stores-shopping-cart-back-after-shoplifter-was-finished-using-it/,2023-05-02 02:35:05,,11,0.84,124,0,False,False,0
500 Pounds of Cooked Pasta Was Dumped Along N.J. Stream. It’s Now a Local Political Issue,4925,137pllj,https://www.lehighvalleylive.com/news/2023/05/500-pounds-of-cooked-pasta-was-dumped-along-nj-stream-its-now-a-local-political-issue.html,2023-05-02 22:41:06,,526,0.97,89,0,False,False,0
Ajax man facing charges after obtaining sexual services and refusing to pay,73,138kkfk,https://www.durhamradionews.com/archives/168584,2023-05-02 22:07:56,,30,0.84,75,0,False,False,0
Spooked horse crashes into crowd during King’s coronation parade,0,139skox,https://www.petitools.com/latestnews/spooked-horse-crashes-into-crowd-during-kings-coronation-parade/,2023-05-03 03:11:49,,4,0.47,64,0,False,False,0
King's Lynn woman jailed for trying to hire hitman after fling,11,1391zcp,https://www.bbc.co.uk/news/uk-england-norfolk-65493985,2023-05-03 05:14:54,,11,0.65,62,0,False,False,0
TikTok tracked UK journalist via her cat's account,33,138sjzc,https://www.bbc.com/news/technology-65126056,2023-05-04 08:31:45,,3,0.81,50,0,False,False,0
TikTok tracked UK journalist via her cat's account,16,138xlja,https://www.bbc.co.uk/news/technology-65126056,2023-05-01 16:57:44,,1,0.67,50,0,False,False,0
Pixies apologise for disabling Google alarm,33,138oetk,https://faroutmagazine.co.uk/pixies-disabling-alarms-google-phones/,2023-05-02 20:58:09,,14,0.77,43,0,False,False,0
"Financier buys Jeffrey Epstein's private islands, with plans to create a resort",613,137zcpe,https://www.npr.org/2023/05/04/1173956903/jeffrey-epstein-island-sold-st-james,2023-05-01 18:21:55,,126,0.95,79,0,False,False,0
North Dakota Legislature passes wrong version of final bill,129,138bf1a,https://www.kfyrtv.com/2023/05/04/nd-legislature-passes-wrong-version-final-bill/,2023-05-01 15:53:36,,18,0.95,59,0,False,False,0
"'It is awful:' Woman claims neighbors poop in buckets, dump in her yard",1811,137k3t1,https://newschannel20.com/news/nation-world/it-is-awful-resident-claims-neighbors-poop-in-buckets-dump-in-her-yard-pulaski-county-arkansas-porta-potty-north-little-rock-sewage-department-of-health,2023-05-01 20:17:53,,162,0.97,71,0,False,False,0
"Supply of monkeys for research is at a crisis point, U.S. government report concludes",162,1384grg,https://www.science.org/content/article/supply-monkeys-research-crisis-point-u-s-government-report-concludes,2023-05-02 15:08:42,,60,0.92,85,0,False,False,0
You've got to 'bee' kidding me: Flight delayed after bees swarm wingtip,17,138jx5x,https://krcrtv.com/news/offbeat/youve-got-to-bee-kidding-me-delta-flight-delayed-after-bees-swarm-wingtip-houston-airport-delta-air-lines-beekeeper-pest-control-tennessee-department-of-agriculture,2023-05-02 16:07:56,,0,0.74,71,0,False,False,0
Dog owner regrets not getting pet insurance after her pet eats human poop laced with meth,5,138ugtj,https://vancouver.citynews.ca/2023/05/04/vancouver-dog-insurance-meth/,2023-05-02 18:24:31,,8,0.55,89,0,False,False,0
A Michigan school district has banned students from carrying backpacks,40,138c1d3,https://www.npr.org/2023/05/04/1173918607/flint-school-district-backpack-ban,2023-05-02 16:00:19,"“…we have seen an increase in threatening behavior and contraband, including weapons, being brought into schools at all levels,"" the district said. ‘Backpacks make it easier for students to hide weapons, which can be disassembled and harder to identify or hidden in pockets, inside books or under other items.’”",23,0.81,70,311,False,False,0
"‘Just came out of the woods,’ says woman chased by 2 emus on rail trail",41,138a3o2,https://www.mlive.com/news/saginaw-bay-city/2023/05/just-came-out-of-the-woods-says-woman-chased-by-2-emus-on-rail-trail.html,2023-05-03 03:00:51,,12,0.87,71,0,False,False,0
Hundreds of pounds of cooked pasta mysteriously dumped in New Jersey woods,25,138atj1,https://www.cbsnews.com/news/pasta-new-jersey-mysteriously-dumped-in-old-bridge-woods/,2023-05-03 19:37:30,,18,0.71,74,0,False,False,0
Las Vegas man’s latest DUI arrest brings total to 10,50,1383tku,https://www.8newsnow.com/investigators/las-vegas-mans-latest-dui-arrest-brings-total-to-10/,2023-05-02 22:25:24,,20,0.81,52,0,False,False,0
Study shows that thinking hard about complex problems results in distinct facial muscle movement patterns,212,137p1ke,https://medicalxpress.com/news/2023-05-hard-complex-problems-results-distinct.html,2023-05-02 18:07:31,,28,0.93,105,0,False,False,0
Yorkshire students pay tribute to missing university campus duck,34,138434c,https://www.examinerlive.co.uk/news/local-news/university-york-students-pay-tribute-26839209,2023-05-02 04:55:16,,1,0.83,64,0,False,False,0
"Illegal drug store selling heroin, meth, cocaine opens in Vancouver to provide safe supply",23,13873bu,https://globalnews.ca/news/9673682/illegal-drug-store-vancouver-illicit-substances-safe-supply/,2023-05-01 22:46:53,,22,0.71,90,0,False,False,0
Iconic stone sign vandalized at Garden of the Gods,11,138agod,https://www.kktv.com/2023/05/04/sign-vandalized-garden-gods/,2023-05-02 00:33:20,Because destroying references to polytheism is sooo freedom of religion...,8,0.7,50,74,False,False,0
The Flash Production Designer Says Audiences Will 'Forget' Ezra Miller's Crimes,36385,136ou4v,https://www.cbr.com/flash-production-designer-audiences-forget-ezra-miller-crimes/,2023-05-02 00:04:48,,3554,0.87,79,0,False,False,1
Google will retire Chrome’s HTTPS padlock icon because no one knows what it means,1416,1375b23,https://arstechnica.com/information-technology/2023/05/google-will-retire-chromes-https-padlock-icon-because-no-one-knows-what-it-means/,2023-05-01 19:16:24,,152,0.98,81,0,False,False,0
"A man was being evicted. 3 of the movers pulled guns and stole his TVs, police say",282,137f5ox,https://www.wsbtv.com/news/local/atlanta/man-was-being-evicted-3-movers-pulled-guns-stole-his-tvs-police-say/5NS437DCTJCTFLYHES2QEME6KE/,2023-05-02 05:31:48,,36,0.96,82,0,False,False,0
Dog Pee Blamed For Mysterious Collapse Of Traffic Light Pole In Japan,81,137r4ba,https://www.newsweek.com/dog-pee-blamed-mysterious-collapse-traffic-light-pole-japan-1610133,2023-05-02 03:37:29,,16,0.9,69,0,False,False,0
"From Slayer to Tito Puente, drummer Dave Lombardo changes tempo",1,138oh9k,https://www.npr.org/2023/05/05/1173267909/from-slayer-to-tito-puente-drummer-dave-lombardo-changes-tempo,2023-05-02 01:33:38,,5,0.52,63,0,False,False,0
Man charged with murder after victim allegedly laugh reacted to Facebook photo,578,13777k2,https://www.dexerto.com/entertainment/man-charged-with-murder-after-victim-allegedly-laugh-reacted-to-facebook-photo-2132543/,2023-05-02 00:36:18,,120,0.96,78,0,False,False,0
"Golfer falls into Topgolf net, needs firemen to help him out",10,1383z9r,https://www.golfdigest.com/story/golfer-falls-into-topgolf-net-needs-firemen-embarrassing,2023-04-30 21:39:44,,4,0.73,60,0,False,False,0
Turkey gifts Mexico puppy after rescue dog dies on earthquake duty,44,137q9lw,https://www.cnn.com/2023/05/04/americas/turkey-mexico-puppy-earthquake-intl-scli/index.html,2023-05-01 12:30:19,,3,0.83,66,0,False,False,0
Customs officials find 22 snakes in woman's checked bags at India airport,32,137q6qs,https://www.cbsnews.com/news/india-chennai-airport-22-snakes-found-by-customs/,2023-05-02 00:10:33,,14,0.8,73,0,False,False,0
Smith College program stops using word ‘field’ over ‘negative associations’,19,137v7lg,https://www.masslive.com/news/2023/05/smith-college-program-stops-using-word-field-over-negative-associations.html,2023-05-01 22:13:07,,28,0.7,75,0,False,False,0
"Pixies apologize for ""Where Is My Mind?"" preemptively turning off Google alarms",65,137gnpo,https://consequence.net/2023/05/pixies-stop-google-alarms-where-is-my-mind/?fbclid=IwAR1PJUINvnW6y-Etpp-Jd3bX48KGeHl-pWY3_iovBAmtWFc_nx0PFbh0Ycs,2023-04-30 14:42:21,,27,0.88,79,0,False,False,0
Camra award ban for Essex pub displaying golly dolls,11,137xjn8,https://www.bbc.com/news/uk-england-essex-65260945,2023-05-03 03:20:20,,14,0.65,52,0,False,False,0
Hundreds of pounds of pasta dumped near New Jersey stream,0,13915qe,https://apnews.com/article/48ff3c58ea645d9bf15ad8591623541d,2023-05-01 20:48:33,,8,0.3,57,0,False,False,0
The scrotum: A comparison of men's and women's aesthetic assessments,0,138mry6,https://onlinelibrary.wiley.com/doi/full/10.1111/jocd.15712,2023-05-01 15:15:12,,10,0.46,68,0,False,False,0
Man hurt in accidental shooting after being mistaken for turkey,236,1376cuq,https://www.fox9.com/news/man-hurt-in-accidental-shooting-after-being-mistaken-for-turkey,2023-05-01 19:23:02,,50,0.95,63,0,False,False,0
London Stock Exchange chief calls for UK firms to pay bosses more,65,137ehnt,https://www.theguardian.com/business/2023/may/03/london-stock-exchange-chief-calls-for-uk-firms-to-pay-bosses-more,2023-05-02 16:37:31,,10,0.89,65,0,False,False,0
These states are narrowly defining who is 'female' and 'male' in law,165,1375luc,https://www.npr.org/2023/05/03/1172821119/kansas-montana-tennessee-narrowly-define-sex-female-male-transgender-intersex,2023-05-01 18:13:54,,155,0.8,68,0,False,False,0
The latest to be evacuated from California's floods? Bunnies,10,137preg,https://www.npr.org/2023/05/04/1173424166/the-latest-to-be-evacuated-from-californias-floods-bunnies,2023-05-01 14:24:24,,2,0.75,60,0,False,False,0
What to know about the PUMP Act: Law aims to protect women pumping breastmilk at work,6,137pm8z,https://www.usatoday.com/story/news/nation/2023/05/04/what-is-the-pump-act-new-breastfeeding-law-aims-to-protect-parents/70181925007/,2023-05-01 14:41:32,,0,0.6,85,0,False,False,0
"Nobel laureate Paul Krugman says yes, Biden could mint a $1 trillion coin to avert the debt ceiling—but there's a better option out there",141,1370t6f,https://fortune.com/2023/05/03/paul-krugman-biden-mint-trillion-dollar-coin-other-option-national-debt-ceiling/,2023-05-01 13:58:04,,102,0.86,137,0,False,False,0
"Fla. judge denies defendant’s use of medical marijuana, suggests Xanax instead",281,136uemo,https://www.swoknews.com/ap/national/fla-judge-denies-defendant-s-use-of-medical-marijuana-suggests-xanax-instead/article_1cb93480-7408-517a-8009-abb97d2f8ee2.html,2023-04-30 12:45:23,,48,0.93,78,0,False,False,0
Hundreds of Pounds of Pasta dumped in N.J. woods,65,1374v6s,https://www.inquirer.com/news/new-jersey/new-jersey-pasta-dump-old-bridge-township-reddit-20230503.html,2023-05-02 23:21:42,,34,0.87,48,0,False,False,0
Ed Sheeran Threatens to Quit Music if Found Guilty in Copyright Infringement Case,1307,136bx88,http://cos.lv/ZxWx50O9ViJ,2023-05-01 03:03:54,,590,0.9,81,0,False,False,0
Hundreds of pounds of cooked pasta mysteriously dumped in New Jersey woods,0,138e37h,https://www.cbsnews.com/news/pasta-new-jersey-mysteriously-dumped-in-old-bridge-woods/,2023-05-01 14:23:28,,5,0.41,74,0,False,False,0
"Navy using drag queen Harpy Daniels as ""digital ambassador"" sparks debate",245,136mqmw,https://www.newsweek.com/navy-drag-queen-harpy-daniels-digital-ambassador-debate-1798015,2023-05-02 18:11:14,,88,0.9,73,0,False,False,0
"Snake Flips Switch, Stops Traffic at Virginia Intersection",55,136zkrf,https://www.nbcwashington.com/news/local/snake-flips-switch-stops-traffic-at-virginia-intersection/3341320/,2023-05-02 16:54:47,,8,0.91,58,0,False,False,0
New Jersey driver run over by her own car gets ticket,295,136igps,https://nj1015.com/new-jersey-driver-run-over-by-her-own-car-gets-ticket/,2023-05-02 17:15:23,,40,0.9,53,0,False,False,0
Arkansas owes a Jewish man $500 but won't pay up because he refuses to sign a pledge to not boycott Israel,14,1376uu1,https://arktimes.com/arkansas-blog/2023/05/02/arkansas-owes-a-jewish-man-500-but-wont-pay-up-because-he-refuses-to-sign-a-pledge-to-not-boycott-israel,2023-05-01 15:11:28,,2,0.94,106,0,False,False,0
"Michigan school district bans all backpacks from school buildings, citing safety concerns",68,136rvsf,https://abcnews.go.com/US/michigan-school-district-bans-backpacks-school-buildings-citing/story?id=99017440,2023-05-01 05:34:39,,53,0.84,89,0,False,False,0
Investigation finds 10-year-old children working unpaid at Louisville McDonald's,99,136lyhs,https://www.wdrb.com/news/business/investigation-finds-10-year-old-children-working-unpaid-at-louisville-mcdonalds/article_65180cb8-e95d-11ed-beab-ef0317b2e48b.html,2023-04-30 18:17:44,,23,0.94,80,0,False,False,0
"Nude landlord does not justify lower rent, German court rules",67,136qrrq,https://www.fox4news.com/news/nude-landlord-does-not-justify-lower-rent-german-court-rules,2023-04-30 20:57:59,,2,0.9,61,0,False,False,0
B.C. driver smacked in face by grouse flying through window,21,13708vf,https://www.cbc.ca/news/canada/british-columbia/grouse-hit-face-driving-1.6829813,2023-05-01 02:45:37,,4,0.76,59,0,False,False,0
Fire department building catches fire in South Dakota,42,136twri,https://www.kvrr.com/2023/05/03/fire-department-building-catches-fire-in-south-dakota/,2023-05-01 01:24:13,,14,0.87,53,0,False,False,0
Norm Wood gets a 29 hand in Cribbage,0,138954z,https://www.dailypress.net/sports/local-sports/2023/05/norm-wood-gets-a-29-hand-in-cribbage,2023-04-27 12:35:54,,8,0.32,36,0,False,False,0
"Fla. judge denies defendant’s use of medical marijuana, suggests Xanax instead",8,1374wp1,https://www.swoknews.com/ap/national/fla-judge-denies-defendant-s-use-of-medical-marijuana-suggests-xanax-instead/article_1cb93480-7408-517a-8009-abb97d2f8ee2.html,2023-04-25 11:42:10,,8,0.59,78,0,False,False,0
Coastal Carolina University student will graduate college before high school,14,136tz4g,https://www.wbtw.com/news/positively-carolina/coastal-carolina-university-student-will-graduate-college-before-high-school/,,,2,0.75,76,0,False,False,0
"Texas massacre suspect in custody after dayslong manhunt ends in Cut and Shoot, Texas",188,1366dut,https://www.cnn.com/2023/05/02/us/cleveland-texas-neighbor-shooting-fugitive-tuesday,,,32,0.91,85,0,False,False,0
